header,sequence,predicted_class_id,confidence,prob_class_1
K2QGL0,EVIPVFSPLLGITAALFNPAFTLYLPGIMWFKLIKEGGCFSSPKNIALTIVNAIIIAVGLTILGAGTYASVQDIVDSYAGKSVGKPFSCKA,0,0.89676225,0.103237815
K2QIM2,MKDVLTYLQGKRNVKGVHVLVGLFIETFLSFLSGWDARGRVFRFWGTSEERVWEITSYRTAAEYVAAVALDPTAVGFLKFLGDRKSMAEIADIMQSVHGIRPRLESLGTVAECNQRRLADEQNNLAKLHAEASYFLVTGKPSLGEDLDNSRYPEVKLETIRDYLEAREIDDIVSSEFAIT,0,0.9565686,0.04343143
K2QIQ7,ADFESCYNSVKDCTSISSSACEAMARGCCEEANSACRVGPDANMSYCSSQNSICYAKNGIPDPYGINTQPQPTEKPDFESCYNSMKDCPSLSSSACEAMARGCCEEADSACRVGPDANMSYCSSQKSTCYSKNGLPDPYQN,1,0.94992286,0.94992286
K2QIZ1,MLFSDTGTQGVKGSTAEGSGTDLLAYLISQTVGGILTGVAINRLKLFNPSMLFGAAAFSIGSGLLHTLSVGTPSSQWIGYQILAAFGTGCCQFIAMGIAQQELDRREEAIGLAVVYMIKMLGSSVAVSLCSSLFYKELKDSLHSSGLSQSIIDGVLHSLVMKGNGTTDPTVRIAAAEAVAKGVQTAFIVPIVSGVLSFCIATLHKWKRIGDNEKTSQDTANELTKP,0,0.9571382,0.042861793
K2QIZ9,QRGYITLCPESLMRGDCRDLGIQTGECQELPNGIRDRLSSFDTYGYTCQFFTDGSCSGRQDDFTGNHDNLRQTQWNDEKSSIKCTFNN,1,0.965408,0.965408
K2QK68,MPALARASLILCSASLLSSCLSPLSTSGLSSSKAGLKRCWRKTLLSTETNSTCANFSPRHVRGPKAHGRYVVFSGCSNTSAPLSALIHRLGWNSLAGSPVPRDHAGEVCTAALFRTILAPAGTGIEAPVLRGIACAEAARRG,0,0.97783434,0.02216571
K2QKE3,MLSLSSNCIRWLPLTLPLSTTAPLCAEEPGCLPISAQVQDCCCAHLCSRPSHTAFGSRHDVPRENLAFRPHPQADVVQGIWRTLGGLIPPLLLDEWQSFSTHAIVLPHARPIGACRQYCVKRSQYLSEAAASAAGRSPNGGPGQLPPRKHVKQVCTARNKEKW,0,0.9705701,0.029429926
K2QL01,QQATIKFELFPATGVACPNQDASGNVTSITADLKAVAVAARNKTPVDKSASNVSSGKCTKMRSIPYYVTRSYQTNGEPAGDVYFAYDEKNSTIYFCRATGPFSTNGSGYPDNCEEY,1,0.8041386,0.8041386
K2QL85,MLLCFAHIAAGWNWAFNVATESMIYLSSTKYDTSGREERNECTGKSIPGVMHESGRGPWRAVTHHHLRFHFTPAIDDSHLSTDFSLSVSYISAVECIRINSEDSQLDPSVLYL,0,0.9765164,0.02348359
K2QL98,AYTWTKCTNAERCIAAKAPNGSTAGGKAGAQPGSRFSYVGGYVFAVDTCSGYSSDRAQGCWYSHDKDGLFISPTGYMRTAHDCNLVGVLSKSADVGVTYWWLHKGGDRCLPDSVGTEVYDVQACYAGDQ,1,0.93948555,0.93948555
K2QLA0,SETVQVKEATIHYNGEAPTAADFTIQPANVKCSSSSAADLASDVAVTCGDSPYRFELRNGGNGELAVTIHKQTAPATTIALVSPGPPSSSSSRLRVVTVRTTSSSRPRMMLSPSRSTKEGARISGAVLRK,1,0.95071423,0.95071423
K2QLU5,MKWSVAAAAVSLVGAGSANVLPKHRSRFSPPIPPDDDDIALKARSTGSTTFEQLIDHSNPSLGTFSQRYWWSDEFWAGPGSP,0,0.9811483,0.01885175
K2QM43,FPIPVSQPPGSRRRARTFGLIPIGFEKVSCRLVSRTGQCYLHRYTCHPNLSGCYQARMSEQLVLNNHQYSLTITGPRRGEGEKRPLALSPSSLFCTPQWEPDCWSHGHPGRQARTSFPSVGVPAYATQTYYLADNQDPRYPTDWKDGDKIDVVRYCDHT,1,0.91553295,0.91553295
K2QM69,RTDLAGCTSSVSGNALIWYVPGTGELCEILDCGGGRAPPKTTVPGCAAYEGTATYSPEYLPGYGPNATPTAASSSSAAAVQSPGVTAAPSLSSAAVSSAAAAATSSAASSEHDGDDDGNASASASTVASSSAAVSSSSSSSLSWVAITTPSTPVASTPSGTPAISTPASFTGAAGRLEAAAGVAAGGVVAALAWL,0,0.5920766,0.4079234
K2QMJ2,VPIRRSSDAMRQSKQEIEERAPYAPKTKLFITNARIDDVATNTDASSTSDDDDEISVFEIRDASSTQNEIKRILLPKGLLNKTTQETVLSSGSTTSEDEAAQGSVVECRVDKDGRNYCRTSDGWYVYRCETGEISYFRQMPYGDEEICSDGSIA,1,0.8902308,0.8902308
K2QN02,LDTSFTITNLTHIPTSTVAPHIHNGSITFTFTISPTASSSHYCEQTFITPYDPAAAGGPFTCNDAWQDMLYYWREDLSAADGMVEFNVWYAYLDCRYVMCS,1,0.6235692,0.6235692
K2QN55,QQCYTPKHDSKADPNLQPCRNFPIYHPHLSCCPADAICLDNGLCLTPSSNSLEILQYRGCTWNWGVGQACPGAEYCRLKSRFRFCLGVDTLTPGEDATGYQYPVGSVFNIIPCSSGKYCCSVDEASNDCCANEEDTFEVSWGPIRDSTTTSYSTWTYTTTAYETTTETVCPATTETLSYTTPVANPTPGARFVA,1,0.8072456,0.8072456
K2QQC7,GNLAGMNDLIRRDECPATYVTVTVTSCGAAPGTSTAVVPGTTGAPETTPASNPGGPESSAAPVATSAPSGTGSAPGETTAAGATGSAPASSAPSGTETPAPSSGASGSASSPAASSSAAGSSGVGSSATASASASASAATSAAASSTVAPNSGASAIKLDNAMAALFAAGVFVALA,0,0.6860458,0.31395417
K2QR54,GPAALPAEDRTNNNAGPLLPRQGTTTPQRFRLNVRFSNTPTLSGALHASGGSFWLHKSTKSFCPGESVLQAPCPPGNETSFTGGGPDGRLSLNVAVPGGQQVFIGPRGLLRYTRAHSGDMPRGSITSGLTVQEGTRFLNPFYQLWLCNTDEDDEVWQVWVEQRDAQGSQKNWGSTGRNACTRINLEAEEVKDEVGAWQYD,1,0.8980698,0.8980698
K2QRA7,MEPGVLGTLVSLHCCGWLVVLLVQEESSCSVWKMGLCFEGVYRREIPLEEASTVCPGPKLATGTPHDRWIDLVVRVLGSIFNSCTTPENPYYLHSFPHFSCSFISQHVPEKMVFLIC,1,0.971483,0.971483
K2QRB2,MAQSRASRPWSFLTAPCMLLTGGTISAVRDSRWNVRCLIKASQSDDQASAKRRTHCRYFVNGPHAVLPSLPCCQSCVRARSVSYVHSSPHPYCPRSASTGLLAIATQALRLLCNTLLVPDTYCAFSHYNALTPCRSAALPPCRPAALHSPPPKHILRTCLLACLDRRTLFR,0,0.97169363,0.028306361
K2QRE8,SETYEPPTLANLTTTSTTDETAAASFVSKRAEKAGATWCEHTRHTTPCARFDLEQARCYNLARYWNDKISSMYPTSRTDRCAVYAEANCRGQSLTVSWPGINRLADKGMNDKISSIRCFKFAAS,1,0.8362608,0.8362608
K2QRL0,ATTYQILIDTGRCADSADYKAQITGTGAYAGIDHVDPNKLDAYGWSDIRPGDPIMWSFDVPADYTGHVWLYDTTKGDVPADGLAVYGLDIEVYNQPTEEKPNKATLKALGDAANDMRPGPLRTAAFYSQDGGVNTDWVSSADGGSVKSTVVGDGISVIYCGNS,1,0.8825125,0.8825125
K2QS10,VPAPQGYGLPPLPCTIDPPYQSAVPSCGALPPPPACTPPGPSPSPQPNPSALNKTYGLMALRSASPIHFLSVVATQSGLQLGKKQDAICDKQSDYATFLLDNSTQRLFLYDGLESSYQQLYTDRSGMGQGVVRYTQTSGQTLNPNRIETTGWLIPSDSPDLQFKDDGFLACPIGDDSWSVWLNTEVSNPGGNTGCLGFSARAVEIAEPVACVYS,1,0.8598239,0.8598239
K2QS62,MVISWKASLCFCTTDLAKLCASVSSTRLCGTKGHSILGGAGRSRARNSHSCSNSGPQLGQQLSSSLVNVVLFNAFEEFTFAFANQMATDEGLMGTEKEERLADTAPLKNAIPTWFPSLFLISQVCPDLTVILPLLNTLLQYLVSINPGKSYSDQLLDLQRVSSLEDQV,0,0.97310084,0.026899157
K2QST5,MTSHIPDNVSFEEASTIPLAGLTAVVGNYIRLGLPEPWKPATEKVPFLVYGAASAVGAFAIKLARLSNIHPIIGVAGRGIPYAESLIDKAKGDVIIDYRNGNEAVVSGIKDALKNAGASHIYHAFDAVSDNGSHNDVVAVLAPEGRVTYVFPLEHTAPPGFSYPKTYKSAEFSNVADAYGKHRQEGFIYLRWLFRMAMEGKFAPHPHEVVPGGLAGVSQALQNLKAGKASAIKYAFKVPDTEGAGQD,0,0.9737299,0.026270093
K2QT12,ILLAYLYLKLVLLVFRNPRKYIKETYRLAILYLILLNKVKRVRTL,1,0.7922237,0.7922237
K2QU70,MLILILLSLKFAMQGHDYSMPIPFPRAFRTSPPPTELKMFGELPEEIPTSVKSEPDSQGEPLIPTQNSTPAPYSIDSTPPRLELRMRNLQSPFLSSPSETSDGFSQKRSMRGQSKQGFQTVLLTLPFRFHLYVSWRGSYQKQRSVKVRS,0,0.9752392,0.024760714
K2QVB9,MYQADFFLAHVFIDVGFAGPGALPTLANIEKINNSTMQEFGYPTMGYWYFYQEDDASEILDSHAEAVLSMFYTSTPAIWKQLFSPVGAFKSWLLSKEPAAVPTYITSEEKLVYARIRKAGGGFRNILKSYLAQLNNVNDADERSEFSIKILVSLPTKSTSVANRFPNPTPSALNNRK,0,0.9792519,0.02074804
K2QVC0,TAMPEAEVEVAVAAKSPVQNFETRDAAEGAPAEPNAVDDQKYAWYNFKRAEASSDAVDDQKYAWYNFKRAEAGSDAVDDQKYAWYNFKRAEAGSDAVDDQKYAWYNFKRA,1,0.7465756,0.7465756
K2QVD3,WTGFAARSCRKLPVKPSSKPVEERSYFLIPTSGNCFDSLNVCMDWYHPSPSELYLTLTNKAHNTFICFSHDNNWESCVQSSAGVPCNAGVPNGDGRIYASLHLTL,1,0.8901503,0.8901503
K2QVM1,ASSSGCSVSLNSTLSKPANPGEIILMRTMLKWSNSTGMSGFSSVSPSTLPRLHCRITHLPFLPISDIIRTSRHISEPKLTYSLDRATPTGPIPFKTRSRSSSTRTPSPTMRPRMS,1,0.75995904,0.75995904
K2QW61,MQSWVYRVCVAFAVASARSVPLATDLGRAFGSITSYTLPVEASWTQYTRFIYAAMISGGFRSRMKIRTNSFGVLALDSTATSAVRRCCVSSFVRRNVSNPDPSRTKP,0,0.9807756,0.019224385
K2QWI0,TKGSASKKFGEDPKTLLGLLERAARLWPNHGIAFKDQGWDQRSDFLTYAELMREATVKHAVDSWHQNVANKRRRMPPNSGPMAPLCRKSLLSCTSTHTETTLCGFGRWLLQEAYRLCCRPCPAMRSPWLGSWTISTNYSMGRQFSRRNS,1,0.855755,0.855755
K2QWM6,VAPNPPPASSVIINGRSPQSQGQGESSIVIVARDPQTATAGQGPGEPTVAGPGPGPTQVAPRAPQGQSSIIIVGRAPQTATVEQPGPTTVAARAPQIETVTVTIAARDPQSETVTVLGRDPQSETVTILGRDPQSVTVTVAARDPQAVTVPVQPTVVARDPQELPGAGAASEVVPLRREPASTLITLKRAPQGTRVRREPQTTPTPAKRQEATPQDEPCCHNY,1,0.81252396,0.81252396
K2QWN6,VPAGSTSSSSVSSCWLAAMSTNIPCSDFNDKGEGCITERPVGTRHENLTPCNHTTGLAMDGTGRDCAAQCHSWFGETENECHTSECIDPTEGANPHSDGTCDCRCGFTLTCVAAIAAIDSNSTAVDNCTGPEVGNCTQATAAPVYTFSALTDPPLTATAAAAAAADRVLTADWQV,1,0.926255,0.926255
K2QWV7,RISIEYPFLDLLNNSYSSFRLALNQTITADSPALAGSAAYGTNVYPATFNPPCDAYGPGTSLTARPVARRPNASEDAYFATSFAPAPCPSPYPLSFFVNATNQPSFADPARGCDRMVRLFNTSVTQPPYEPVHVYGTVSASDTFFPTASGNGRTWEGVWGLRLDTAFIEYNYLPCPSLAGVTAS,1,0.54555327,0.54555327
K2QX81,DSLFDCYPGTNGGRYCCLKNHHVCEKQRGGGITACYSDETVYCGGCGADCCTYDPNAELVEDDSESGSRYTTSTSLVGT,1,0.87793994,0.87793994
K2QYS5,MPTTPSAVLTVLHTPELLELILLALATPSTVPGTRTLLTSIPRVCHTFRAVLCSSLALRRALFFAPVADRGALRALNPPGQVPANSCTADALPRALVPAPNEFAVRRFRLGRFDEPDADYDGGYMPMVALRWIDESAAAEKEEAGAGGDGEPSWRRMLVAQPPPRRVEVVVYGTIMFQNVKAWVECEDGVTLGMLHDRCRELACGRGWQKRSMGWYFEL,0,0.9622382,0.037761763
K2QYY4,TSTPHEVSFRRTLVVLELDASSSLMVVGSWCVTGPSLVRSGGIALSGSCIALDVWVFSMFLNRQRWCLEARRDNDGIGDEKFSQSQVANRRAQRNECSYAKRGDLCRIPQTRACFWREESKESLLLVPEKKKWSGLGA,0,0.89220154,0.10779846
K2QZC8,AARMYSGRHRTLPYPLARRLSTQLGNAPVVRYSLKMSSETRWYQSDRRIGTASRSASCKAVSSVWFLARVSYGRGRCEDGWMTSGPRMASSEYARKCE,0,0.6947917,0.30520836
K2QZN1,DKHGYCACWDKPNNKLMLPATGQCCTSKGGVLTYFTSTKTTGNMEGYFCAHPTNGGDWWSACCEGQGWDWSKCFG,1,0.9030237,0.9030237
K2QZP1,FTSHRSWNPLNMGGPLSMENFLQEYAVGRHEGLCTKGSSASRTNFVFSCLEDASIICEGAWAGIDHTIDNRIPQIPVDSTIVWSADRLEPDLNRSTTMQFLDITFLLLIAQLLQPVLAYKIDATCKDQDAELMRDAIVQAFDMARQSLDALENRRQDVNVKRLIELLFCEEGQDPATIDMTKVMSSFTGILQMEQENPNADTEDTSDEVVSEA,0,0.603524,0.39647597
K2R0A5,APAPKPIPQEPATTATTTATATATPIDYGSYGNYGNYGSYGKYLRKVRELMGSLLQGKYGSYSEAVESSE,1,0.96751106,0.96751106
K2R0S2,QTAAEQYPYGYWDVTLTSNYTGNHDGVRRNITLVFTDDNRIVSDEAKEYHCWSDFGSSTLTEQKHCDNQYLDFIIVDKCNERASASKDPNTKEGENLSRGFSLSRYKKRVRAS,1,0.9524941,0.9524941
K2R1F4,MWGGLHVWPLLPSVTSAVTGAFTRFASDAPSDPHVSLFAGLGYMSGHFAWAVGQYDALGREEPPIFAEFKDDSELYGTTKIFSTARVAALSDFADELDKSEPAGMRSRFTTATFRADEELLKFMADVFLEEVNAAIESGLSDDEHFAPMLGIQPLTRNMLKEQAKRGGNVMGIDEDDAPLVGQYGLLPVTEMALISFVT,0,0.9807904,0.019209623
K2R1Q7,MTPVRSTLLNALWWIQQLWARFIELLRTYPGDGDLSSTFCLTISDGKGWNDNLIEDASEACHIADALAFSETRPPGERHYAASCNRGFFATKKSYMSIGLACMKVRDAVCILSGASVPFIPWKRGKDHLPAREAYVHGIMYGEALENSDVETTSLTESRILWGLSGVVSDSMGGIADVEAQRVSLSAICGIPVIEITG,0,0.9781888,0.021811113
K2R1W5,SGTSLHYRLRARVTGPRDEKTPPVDGWALQVQRLPVNTHAVPADWMWGVLYNETYQPSRGGDLFYTQPASDGSSHVRTDAPNAEGDVTPFGFSVGEPFSGYDLVSDQMVAVRSNRDETVTDIGVAGDGVPLLQKPGYSDATFVACNELSQEYVQVYWANIAFSGTDPIYTQDWRNCTEIQLVPECASDGPKYEDLQESSCVADIATVL,1,0.92943084,0.92943084
K2R2M7,LPPAYPSITGPIQEGPLTVADNDATTPALDKRLAAGIYYCRNNDWKGPCAHTLVTVGKCMNFQQGWNDNINSFGPDRGAFYCILYSNAGCTGAEPKFRFKYPGTPKTASWGIDGRVSSVKCFYG,1,0.78832316,0.78832316
K2R3T3,APAFQAGVETPRLNDTKPFEIDRLYMEMDSVWDTSYGVTIKFSITDPNTGLNTFCNMTDVHPSTAYACTRDQTKWSLNTDFSKISVEWIWASGELVPASDAAYRANGTTTVNWNCASSGRYGQQCFANAFSVPVQTISGTA,1,0.8646447,0.8646447
K2R3U0,MLYLAATSYAWLMSTLMKTPLAPASSANSSKTGYMILQGPQVEDVKKMTAQESLALASSLSTSRRLLTLWTLPCCAPTPLLAPLTAPLVVPLVVPLVVPLVASLVAAVGAAPLGTFCGGTGAWVTDLIAASI,0,0.97787446,0.02212559
K2R3V0,MWRAEHRRIRCHGHVVNLIVQAFLFMHSQEAVEAACKQIEELDEASYDMDMIEAWKRSKGLGWREMGPLGKVHNIAIHIRANDYRYNLFKRRAGRVLGLDNDTRWNSWFLLLDVTLEKQEHVKWYQDKYYDSLM,0,0.6940761,0.30592385
K2R406,AADAEALLPFLNPDYCTNRGGECESDGKKGICSCSMSATSPSCLCIT,1,0.964509,0.964509
K2R4F0,SSRSHARLHREREARSAELNERNILIDAIHEAKLLALGLIAIGKNALDATEAQVWIGDDGDYTTEFSNQSEEDIALVVWGPQGSWVNTNEPLITLSLAPGANKTLSFANGVSGAFAAVYNDTQLVNGQISETWGEFTFGEWGCVDVSREVNMKGHNMTLDTGNCISNMETCVFRCRNGVESCWLEYELFNCENGSQEGATYGTFDGAPTGGCGNMGSSAHVKAILY,0,0.85106057,0.14893943
K2R4K2,QIHTIGVSRVFCSGDRFVEDYASFQGLWRTIPRDYKDSYVARPEVENTCWNASANSGSSSFCLNAPAGYTVNKLGMKAIVAAVYDSCKLGGNNTLTEPPQPCPLDDE,1,0.9326292,0.9326292
K2R4Z7,QIPSSASRICCLRNGNHIELLDSEFYWSSVFCPLTAGNLVNILRTTSIDSSNLV,1,0.96770346,0.96770346
K2R503,AKYEILKFIITPLSRYQGTIFPIFGGFLGGQLTGGTRYPPAHKRLCASHSLQNYTASLNGHVAIQQYGYLVSISSTIQWSSGIFIIDDRSPRSNMFLLVTDCNKGAIASIDNYSA,1,0.74026644,0.74026644
K2R5P1,MNRGDGTLLSLLHALPHDAFGKPFFFPVVQAFYSFSLPFSLSISVGSTGCRQGLGCGPAERPCLLAGFASRSRIALGRRLQARAAHCCALWHGKSSLACLVGRRVSHAEVDTVLSNFFRHCSLRSSFRCRCDGLGSCSSSPSRRSALRSSFSHWRKTSFYKCLRRPPTTCEIYLMTGARKDGRGLFLHPQGYWPSFPRWQGGSAGHASNSCNSRLWHRNKSGGNS,0,0.9654155,0.034584526
K2R5T6,IVMAGNVKDIPVGRDGNSCDADTPRRGRPYTTAPLIRNPNPFCNFFGAFFRN,1,0.94068456,0.94068456
K2R663,VAVLQLLAFLLSRSTLPTYYTYHISESRCWGPSRCYPEQFPVDRDDALSPLTSSATHGNSPFRHTTSPSCPSRLPQLRLAFRTVVGSSDRGLSPWHSFRRVSLPPSEIILLETHSNHVEMHSDRAFLA,0,0.97160286,0.028397175
K2R6K7,DSVPWERLDKDNAVLVILDLQVGLYQIARDWDPTLYRDNLLAHAAIGQLFPSLPVVMTTSAQTGPNGPLPKEVLDMYPDAPLIQRQGEVDAWDNEEFRNAIKATNKTQVIIGGITTDVCTFLEKEPAPSPSPPPFQSSK,0,0.6717247,0.32827532
K2R6W7,MLSPTSALLLTTLSTLTSAHVGHPMPPHPSSQAANLTMPRSVHPHVAALSRLRRRQGPLLPLRRLRHAQCQPHLLPPLRRPHPAQHGPHRNQPASPARHRQRSRQRVQHRAAAHFPRARARRFLHGRHRHPREREPDGRPERDDPGRVEWGSGWWTVSGR,0,0.98026866,0.019731304
K2R751,AGGPSYKPITPPCTIAYPLGASPTNATAAYAPSASLTAAHKIYSWDRPLSDESYLNSTTLWSNCIEQCNGLDRCVSAFLAYNVPGESHYGGPAGNPSIGCRMYDVVVGEADFVRVANGTYERAVAGVIGGEGCVN,1,0.7024162,0.7024162
K2R7S0,SPIEVNEFHPRCFEFTPKTCWPPGSECKTRCGDPGWCSGSDFGGPTATAGGCMPHEGGI,1,0.9711899,0.9711899
K2R827,DTLEDHNYRVQKDNKGRWNVYSQYYQGGNAPIDQVLINTEQAQFTIYIAQNAAETSNPKKLFFSDILYRLCSEKERIQPTSLKVAVIDDVTEPATVQAMQSFRRSHGLGPRADFNVTPRDSEWQGFLNTPFCKVINRMMGGGNHIAAILGRYESGRQNLYLSIN,1,0.9471489,0.9471489
K2R842,TPLPQGCFNMCCPRRGAPSNPCVGQSIADYISHADFDPHGVLGATARPIRIDVADNHTPEPTALGYFSFELIPNHQMLSLRFILSAN,1,0.90251684,0.90251684
K2R881,APAPTRPAFSDTESVGTLLPTSLGTESFNASTVFPTYTATDASDVQTTILPTSTATNTSAVETTVLPTYTATDAAGNETTVFPTYTAADHASVETIIPTYTATDVAVTETTIFPSCTTTNTSDVATTVFPTSTVVVA,1,0.8882026,0.8882026
K2R889,MVLYALCFLVYTSPVAFATKIIRQACLDSICYFIPSDHVLKLDSALNISSAEDDEPLPISVVNLDLPNIGNEDILSALGHFNAIDGVWSPTFAAYIYIQRNAKWTQRASKGCLSDLLFDVGTVLDTSSVQEAPLLPEGPYFLDAHTKKPFKAYRLYDDIQQTFLQASHCANQFTIPKLLVS,0,0.98045623,0.019543791
K2R8D2,RIVTVYETATTCFPETSALGTASTATAARSASTSSSTVFNDANIAAGKPFLLEVLRVDGSGLSRRQQPASQASWLMENGNTTTDASRAAVCSIDSNGRLHVNSYIMSVDNEVASAPFAANAGTYNMNTTFSTINTKLYWNSSAFSNGTAQFYKLPVGLLDNAEVLGKYHGPPEPNRGWTPINLWARARES,1,0.75429,0.75429
K2R8V2,MVCSVICGYLLPQSPQGRCSLSADFFAQVGSFGTWDALQPSAREYAPCSRQRDPWNGTTFHCYHHMAVVSISGAGLENSTAMGKAFSTATFCNCSDWNKRRINMTRDGVKTRSTNLRTKPQAAIER,0,0.954527,0.045472972
K2R8W5,MRYSTVSRISDYSCSYCNIVLEAIICTLLLLAGMAVPLERDSSKLVITSAGIPHPNWDSNTGSYPAHFKVEIDQLMGMMRLSHVYEPSHNLLAWAFHNTE,0,0.9750402,0.024959823
K2R952,RLAPQQLSESEYEVLVGLIKSCKRRGMFQYPRMHAQYDRAGVDHNTVIYIWVGIEEAKRFALAVYHVWKMCKDRALGHHGDDDLLTVADLEFPIPMGEHMWLSESKELFLQRVTETIDAENSPCNHGAEWICNGKGV,0,0.8444479,0.15555207
K2R991,MALLYPRSKSLQSQILEYFIVVVGLCHHLLDFTQKSAFRKFTFTLNDLYLKDFQTDLDRWAIAIKDELDVIEAQENSRFRALYSKLSKSASHQQKLATNLRVLDFCSKYNHQMTWKQTRKVGNAALFTQLAENQKWKDCSSSCTFLCTGKLGSGKSVLLANIVDDLNIHAEKDKIAVAYFFLQE,0,0.9619243,0.038075693
K2R9S8,LPIGFYNRDEFFSKRAVDAEFKPTGEEYLLKTQLVNNNDTTKAKYNNLYLTAFHTGAGTNDAVLTSSKDSAATGFLNETADGSFQEFDFGNDFPWTMKIGYEPYAAWAPVTIDAGLGDAGDSFFTFTPSGLTYNVSQFDGWLVCDWWHTTPQLFWKTAVTYYNSSLPTSCADVYLVKESL,1,0.9019147,0.9019147
K2R9U2,MPPTTLLHTASVLFLILTILTILLRPVFVMTAQFTVAARSSTGTPSIGINGTEYKKGGTRDGSANNCTFDNEGDALAQTDVDKPLGILVISFVPEK,0,0.97977704,0.02022291
K2R9X5,TASENDVEKRQTIDYDPCPNTKWWKEEGPCWGYNNDGTYFWKTEGPCWAC,1,0.78824794,0.78824794
K2RA48,APAPQAATDSQYGSWALNYTWNSAANGWKQEKFEAVYSVDGSSASQIYTYSPWLEGPEKESTVSDPASFVGSYNGSYVFLQQTVVIENTNVTIYGNAPLETSCKSPTGRLCKGSATVEVTQAVA,1,0.8914218,0.8914218
K2RA94,MLVWLLSLCLLPARVSIFLNADPLISRHSGVDFKLKWLFVHRPGGLEIGLVIFFFLLHLSTHALVCILLRQYFPCGYEFLQQQHGGENITLLSPTTHRPHVLDTRIPIFHQLENARCSCILIYLEERVEGFCYYSIVGGLQGFEKSINI,0,0.97881055,0.021189447
K2RAB6,LPTTNGTSLETRGALNLTQPALFARSGNYTNFPIVPRWNTNSTVFPRLALNKNSTEGIFDKRDVVEGVALPTGVVGKRNASPTGYVKRSFGTGTPFQA,1,0.8878595,0.8878595
K2RAC2,MLGGVCGVIESATCSSSSLSRMYGHGRFRFTVRYHQSAPFTRDIPKSDTRFKTSTPSPLALASSSLQDFQQPWIAFAWQVLRPLSQLFTLFPLWCTVSSSTLSAGFLVRSLQQRPTLWRFTTTCSTEREANLSGSIASGTRDTVGSRCVDSCWLPRGD,0,0.954739,0.04526098
K2RAF0,AYNAMAASPEQVDADEAVDLTKPLSGYKERRAYNAMANSPEQVDTDEAVDLTKPLSGYKERRAYNAMANSPEQVDTDEAVDLTKPLSGYKERRT,1,0.91059756,0.91059756
K2RAT9,TPLQLQGLDLYKRQQNTCGNNARELTSDSLGPTTVTNLIVQGTREDFTISFDLRNENTGIDTTCSAQLSISSTDRWIQCAQANTGANAQFRYCAVCPERGVRYSSYGNVNYDVPCQSASQKEKRGILDSRQAAGAVRCQAQGGIPVTVTNVGTDPQPPQ,1,0.89133936,0.89133936
K2RAY8,QNLSFGADNFYRSDIVTVQPITFPDQFQLTIAGNLFTRNNLSRSVESPAIIIGHPMGAVKEQSANLYATKLAEQGFIIVSLDLPY,1,0.8114301,0.8114301
K2RAZ3,MAYFCLAEFTSWTYGILIGSLYFIVSFPTPPFILHSWLRGFSFECYLNRTLLSATYLTVTVMLHSLPCASTSKVPSLDVTIASHIELYLHSLTESLHDFVPPADGIGNRQSTPTSYFLSIPRAC,0,0.96768147,0.032318555
K2RB34,MSRFFFFFLIPHPFSLISLFFSIVKDTLGTGDGHVYLFLCVRGYRGSKRLSHERLGMVDSLLSFPFLYSRVQVHVWSFLVLLLKKTGRAMPRLPKAAGRNSSRTTFDSVLMQALRSKKALISHFCCKHTPCLLRYADGTVLMVPKYWKWAALGSSEDKRYHYLTDQDHREIKQSFRCHSQSGNIIANDDESAVADLGDIDLKVAKPKATSFAVCNVESGEEPQNWLSVGI,0,0.94527036,0.05472966
K2RB95,TKPWVTSEALRAGITTEGPLVSLAMLHQSTTSSPSSPRPTALRSPGSRTSPRSSTASNPSPSASTTPATTSTA,1,0.96378785,0.96378785
K2RBA1,MSSLFFAILAAMSVKVPPINTDPPNTWAYRNPPPSLCIKAPAIGGPVKQAMEIKEKHIPVRTPIFFRSLVKLAQEAGKRLCMPAPKNPYITQKAYRAPSDDTAAQQ,0,0.9780009,0.021999115
K2RBB5,SPLALCRTDGIWIRRCASALRHSALGLAIQGVDALSKCSVIFPSFFYNGFTSRLSLTAFGRCCSSLFFFFFITSLSWNLRMYEGTKKGDPLFKMLLLFRFPFFSVPFVSLLWYKWKRIW,0,0.81048185,0.18951812
K2RBH7,ATTTTTAKELASPIQAATCRTVSPAGLSNIPCQNNAHAEASDDGKHHCVEECIKLWGETACLGSYCAAQGRSSVCNCTCGSFIDCD,1,0.8073452,0.8073452
K2RBL9,APEPEKEHALQKRLSELGVAIVGGTISGAITTAIVGLAVGVAAKQINDVIDALETWERVREEFTQKTVAEMWANRPGDEYAAICYNMAYSVSNTQNIVDGGKVELTSGPLKTDYDCFLMKGPDTRFTPEGDGGFINYAAQHNDAYCTYDDASGEIYCK,1,0.9244336,0.9244336
K2RBT7,TIGDGTTGASGIVTAYPLGLSTDEFVCEKRFTVKAVKEQAKLASKFVPAADGTAAKGAPDGWPKVFKPTADSTVLHGCSGTVYQFPLTDPAFTGGKEGSDFLLIEADYAGDKIELCNAVTTGANGDLVECDHHRNEL,1,0.9288427,0.9288427
K2RBU3,MCVAELNVSVLPCRHRWYHLLRPCSPSTNLSNCPNKLGIEGWETKCDFCPYCASWNLSNTDFRLVGNDRSPSVGGLSRSPSLNYGSTTTLTSARRDSRRASLSRTDSASSIPALGLSVVEKTGEKNRAISARLDAYLGKNPERKYSNSDGETTDIEDRQSTRGSIHSSVHGRTPSTAGSDIMTKVDAQIANGTPAAASTNKKDKSFFKKASKRFSKGIFK,0,0.94580144,0.05419853
K2RBX2,DKTINIHAWPLGASAPQHLAQVSYETTTSNASVVSWKPPAFSAPDALVRVGLQKPDWTGILTSGAALGSDYKKTLILHADAQGAVYSVGFGAEPREETTRNTAENDDVVEVRVEKAQPGPAPVLNKPVVLDESGKLAGQGEPEKTFLQKYWWAIALFVVLQLFAGGKE,0,0.95882845,0.0411716
K2RBX5,MLSSFFLRWFNVRLPSPSLLLLAPQQLPDWLTIIPPAAELHDDQPGVSNGRSWGMPVDDYVEQTISGLKQGKLDVPVGTSVLSYDKVEAARSEARQGLLSALAKSS,0,0.97879845,0.021201568
K2RCF4,MCERRASSDATPVGGNGIFSCSAIMPGSQQRKCSIRAAVSPLWPAQRRSAVHAESSRAANYAVGIVSQDHPWIVWPASVANWTHTDVQVRFKAEPSWHTARMKERICFLPSSTLALLPPPLPICALLLRRWIRRSASTTDRGATRNNRGGAVYSWASCRLRSLRS,0,0.9350568,0.06494316
K2RD40,QSCEKPDLIVVIHTGNCPNKDTITTHVVGANATEELKDNPVQGISLSTYDTRYTWAYASVDEEDGKTVIAPVKINFATFPKWQATGSGASISNSRTGDPLYVNYCDSN,1,0.9236555,0.9236555
K2RD97,MGADRVLHKVKPSHALDFNCALCSTIAFSRPDYREDQEHLLVQVHAKWENPGSSLTVLTQDGPSTSFWTPREGRTTSRCPGSLAFFSGLHPCVRGFLGRFVLVDFSVVKGWMNRCKTDHGESCKGQRSATTIPNSRLLTPLLDQFDLVKSEIPMLHCRNIGENPTQGQ,0,0.95908266,0.040917374
K2RDD8,MARTIALCKFVGTVSLGLLTGVSYTLSTSALPALLELPTAIHGYTTFLSIQYSAKRHIRLLTATAISTLSLAFILSPPRARHPYLLWTALVAAAGNGVDYALRHQEDELRDDASGSGERSWIDIEKGEDVNGEIVRNGVEKSRIAEGARAAISGLAFTLGVIGIWGDGA,0,0.9783467,0.021653313
K2RDI5,NDHASCTCHNGDSYNWRITTVACDLYNRQKWANGKVYYDTPSGRCTQNDGTQYLMGNEWEAACRSAAKSGFPCADGVGTCFQSDEDEIRGWC,1,0.90918964,0.90918964
K2RDK5,TPVPSGSETSGDHINALARRTNVCLAEDGAIKRWAVNIDNDSAYNKQCGGGCLDNIRGRCGVVTDWGCERNGLDTGLYRFKTSAFCSLNDMTQALHACTGLTINCSNGRVD,1,0.7780033,0.7780033
K2RDK9,MMASTWWTWPSAVWIPSGTKRVMLVVRTSTFSFCTASRKSKPGDGRLHQNSKLFLTCQLISVIYSGISKEGRVRKGMNSPHFGMSLSCRSLDFRIFRMASVTTCHGQVSRLTMLHVKRIIADLPGFLLFLTIPSHHRKSMMLFLKCLSELQIILWVGPQPLLVFLRVYRMLQLLRPMKGFST,0,0.793457,0.20654303
K2RDL3,TLDPCTSNSKGKVPKNPPCSPEESSDDIQAAECSHNTRVSGTQTFAVWTRTKTNSNGISYGTCEAYTCTAPTSDELGDNPDGWTFFWNSNGEESGIGTKCIQDPNTGECGCENSNGDFIVGSDSCS,1,0.8618753,0.8618753
K2RDN2,MTSHIPDGVSFEEASTIPLAALTAFMGNYVHLGLPEPWKPAAEKLPFLVYGAATAVGAFAIKLARLSNIHPIIGVAGRGIPFAESLIDKSKGDVIVDYRKGNDAVVAGIRDALRASGAAQLYHAFDAVVGNGSHTNVVEVLAPESRVTYVLPLELTAPPGFRYPDTYKAAGFTNVQDAYGANKQEGFIYLRWIFRMMMEGKLTAHPHEVIPGGLAGVGQALQNLKSGKASAVKYVFRVPETEGAGQD,0,0.97036874,0.029631274
K2RDS7,DSHSACACQIASDRGTDDAATEAMCKYIGGVTINAPTGALYPGKYCQGFQGHELGGDAVYSACRSQKCGETYCQDSTCV,1,0.88385725,0.88385725
K2RDS9,APAVGTAPLDVAVVESNNEPRAAAAAEVVQWDGVPADPELVVDITTEKAIEKRAIPAVVIAAGSAMGSAALGDLTTRAINAAVGLIGNIANWNAARERFTRTTTAEMWKRNPDYNRWKAAVCYNMAYDVRDRNNVAGFKDANFKLGALSTDYDCMYLGRGNAFWTRGDGGYINLSYTYQRGACTFDGRTGDLTC,1,0.8106224,0.8106224
K2RDW6,CSNNIRALNLAPAYHEGTVHIERLSIPGNLYGSRMLTQAARKSADFWYFDAFSSSTNQTLNIVFFNSGDSTQ,1,0.8107779,0.8107779
K2RDY5,MRETVVGVTQPCANLYSIDVHCSVCQYLITDIFRTSVNGIRKLSSASRFSFLVFASASLSLDGPSYQNFAILYDGFGLSIPPCLLISARTRTIPSLHTLLSFTSSWKDSTELDPATRTNEVREFRRAADRCGYWIEERSGIPLTAANLQSNNVSVDPSREHRLDQAAHELEFTLRLKDVGAERGSDGRPMGRWLREDHCYSRTVIASYDSGSDGS,0,0.9646063,0.035393722
K2RE96,MVTAQLLFKTAAVLTAVFIPGHIAVGFKTVHPALSSINTATRADRKVGQRGAQNAWNYLNASLLVSAALNWQWARTGGPQTPEETVALAATVVMGFVNSFRYAQVGEYAPLACLFVAPLLSLVATLKGQ,0,0.98026824,0.019731741
K2REN6,MDGCAWVFLWDECSFCHDERHGHLPSLYCRAHVIRLCRKYDWVGLLFVHVSGIFLRSPSPAHLRRLRTKDAGPCWKCFAYCNGIPPRPLHSFKSSISLSSYLAYLAARGRLYFTRLPLLPLVISSHEGAAWLPGSPLAAAA,0,0.9515986,0.04840146
K2RF41,SPFSTSANANVRAYGGLEAEDCQIRCPLSTEPGQVVLPALTQYKNASGEWENTIECWQVDTVSTELPGIDNAFRLDWEGGFDAAYQYVFYDQSFMPAHPAPEPSLIVMSSGIGDLRVPSGRCLRVGAGDIFFSVGTDGRQTAWWSEGTVVSDFYFKGGKIPKHDVVPEAPAGEGAFVVQTSDGEL,0,0.6543579,0.3456421
K2RFA9,LAIEGRAANVLFDITFHTGTQFSGESRIVQISTPAENSNQLPCQNLQGEAIDNRAQSVEVPPNCVCFFFA,1,0.901637,0.901637
K2RFK7,MASPGKPLNAWLVLAIGSGACAAFNGMFAKLYATPSHPPPLSTPTTLLTSPPPPSTTTTLTTTWSEHLSTFFSLSPSNKFFEFAIRGAFFLLNLLFNAIMWGLFTRALTLAHSTVRVSIINTSANFMVTAFLGAGVFGESLPGLWWLGAAMLVAGSVIIGRREEKTLKKGGGAADRDGVVVAGSSEEERERFLDEPDGRGRDEDEDEDDDAVELATVPEYGSEDEREGRR,0,0.96876097,0.031238975
K2RFK9,GAFNKLIQGGDAIYASSWRCSLGFNVRTSSGAEYFLTAGHCTDGAGTWWSNSGHSTVLGSTAGSSFPGNDYGIVRYTNSSVSKPGTAGGVDITRAATPSVGTTVIRDGSTTGTHSGRVTALNATVN,1,0.7416979,0.7416979
K2RFL7,ATHTVMVGGAKPPTDPTGKPTPMLQYSPENIQAAVGDVVEFHFMQVNHTVTQSTFEEPCKAMAGGFDSGFMPNPDGAAGVTWSMTINDTKPV,1,0.8528308,0.8528308
K2RFN8,MCPVAVIVVVAGSAYEVERDIAEALFGVCEGARSALGRWREAGKVCVYRGNRPRRTHPPSATRPPPRPTRQACNPCRHPRRRRRRRAAIWGATGGPRREEWRCLARSGRAASHSLFGAGAAKPAIDNYSGGIAQASHGYTCSSSSSGARSSCAMEEMMMMMATNAANPSSANRRRRYCL,0,0.9673582,0.032641824
K2RFS7,MNLGMGFIFPMFGNMDEFWARMGSEMNNGTNLTVQTTTAIVWHTFTEKPLIGDGPTTVERTVTVTQMVKTLLTVTEVPLQAIVPTVIASACSAHAFSNATAVHTAPTTSMRGPLFTTAPFFNTSAVNPLGQPTGLNCTRSFNHTLSISWISALHTTLYTLTKSSGSLADSR,0,0.8785354,0.12146465
K2RFU0,LATAPSGDCNFSNPKFNPKEYCISYCAGNLHTTQQFCLDSDCIKKTTSEGVSSTCNCICIPPLA,1,0.9650953,0.9650953
K2RFU8,MDTTSTLYYIFLLLQLYALTYHFYHPPTGLVSANKMRLLKLLSASCAILASPLWSGEPAQPYQTASALVFFASYALFAWSAATSRPRRFGVIFADVFPEYVCDEGPFAYVRHPVYASYTLGWLACILQSAGRRGGLAQSSVVGAAACLCGLAWLYNWAADLEERQFADVRNVNSEGEKVAGAYAIYRGRTAKWIPGIC,0,0.972727,0.027273046
K2RFV9,VPVSDTKTPVDTVQWDGVPADREVPVDLSVEKAIEKRAGETVQWDGVPADREVPVDLSVEKAIEKRAIPVVVIAAGSAIGSAALGDLTTRAINAAVALIGDISNWTTAREGFTRTTTAEMWKKNPNYNHWKAAVCYNKGYSLKDRNNVSGFKDAKFKLGSLHTDYDCMYLGKGNAFYTHSDGGYINLSYTYARGACHFDGKTGDLTC,1,0.86177623,0.86177623
K2RFZ6,AAIPQPGGAAAGAVAAAAAPAAQAEGAGADAGAGAGAGAGKGNKEQAAGGPPEGAGPPEQANAPENAGPPEAEAAAKEEQQAEALPRIRPPKTPLPPRCRRPRSRPQQTRRPPKRPRRKPRPWLPLMSRKAAQDLEAAKAAQAEAEAKVAEQEKQIQELEAQVAQGGNGGGSNVVIVVGGGNGGGDDGGKGKGGEGQGAEADKAAQEAAAAEQQRAAEEQGMNGWETL,1,0.8921292,0.8921292
K2RG42,QNATYLTATAIVTDTARNASALQCWEFTTPLDVPTTPGIAGALRFQFNLSSAVEYAAIPPRFDGGLHNAPQNQFVVFASGLAHITLPNSTDEAWILGGENGLIVAVDTMGSGHFTAYPTDQTTISFALPFLNGEPPAHKVRSEEACHGHTQLVPN,0,0.9657348,0.034265235
K2RG65,MLGCILLYALLAVGLLQLVKKPLALLLQPTTNFETVFISNSNIPKIIHQTYANTSIPDHWKPAQQSCLDLHPDYEYKELGVAVPHRHVQHRAPFPVGDAEGILVAGEPQFRREALHLEPEGLRSRRREHVSQLPRQLMARRRREGHILDG,0,0.9804104,0.019589616
K2RG89,MMMLRSYQHLAKSLGLSALVSQVVDPLPAWEHASTLCCGVMQPIVRVVLLRQRCPCDLSHHYCIQYGQKPLFSAIALTIGCSGAPSHVPVGWWARGCRSFPGFSATPSILQLANLGRVFLLHVRSLTLSPFGACGCGDIA,0,0.97429806,0.025701974
K2RG97,MMIYSDNIRIGVLVLPGAQLLDTASIDIFGTASRQYFESIAAVPRPIVQKAPNVSIIYISNVTAGDSIPVTSAMKLHCDHHFSEPSVKPGELDILLVPGNDPDRQADDNLSAWLAAHGKDQTTDILSVCTGLYLCGWARLLKGRKVCGPRPQQLDLKQKFADQNATFLGHELRWVQDGNFWSSGSYCAFSYNRSKANYLNNFFFKGSISNGIDLVAAYLRSSGKWPKEVAEFAIQFAEVGDRPQSYGRD,0,0.97922474,0.02077523
K2RGB3,ATLGQRELPAEKDIDHSLYICNEASFEGSCVYYPVELGECNAVTDEFTSGGNGVMSAVSGPNNVCTMFSEEGCSGDEIHVGSPGETDLGALDWAGKVRSYQCAAN,1,0.90575457,0.90575457
K2RGG5,APPTANLPNGFVKRDVGQVTFCTGENYTGECLTQTYTTNRCIVLPAPYNKNVKTFVPDHGNLVRVTNSAESCTMHGDLFLEWPGSIQFNNFEGVDYSNATSFLVQQCDNCA,1,0.8277887,0.8277887
K2RGH2,MAPGLSALQRVCLPNLLFVLRIITTATDVFKATTNAPDRVYDFFPTKLVMIIGFQLRKAVYVKLFSRCLKSDIIATISSKSILCNCYKACPGVLALH,0,0.9761702,0.023829779
K2RGJ0,MAFPLPKLPAWSLLIMPLTCLPKRMVWALCQVGAAALNGTESLVEDSVNGRQSGASHDLMGALHRVYGMRSGVEPLIRSISTHDFTMLAFFIDHLRSLLRLHRQVEASRLHQRNICIPFISLNDVHKTSVLSRLQSQNAGSY,0,0.97528493,0.024715114
K2RGL5,NLDVVTLFANSDAYIQEASATLVVGDIPNPITGDVALWSAIMMENEASFLQGVTENAPAGYGVATAFQQFGHGAKDSQPGILYQPWKQLVQLCICAHWPLLGLASRHTVRRIRSSALIASSADASSRQAELGNANVGPECLCQRRASLQRLDQYVTAECSSPISSCRANIINRQGRARLDLLHLYRVRSRHLRHCPRAQYVSNSPLYLERD,1,0.64623,0.64623
K2RGR6,APSAPQNDLGVDINSLMSSVGTELDDVSAVFGALLSEISAATPTATPTATSDVMSAIAGIFSANPTNIAQNAIQLIQNGLVPARLEGVIDGFSDESNSDDNVNSSPPGGPLYPQASDEDPSYEISESRLRGAINIP,1,0.5232325,0.5232325
K2RGS0,LPIVLWPNAVDHGHQHIQLNDTFEDSTHIFDPVANFRFGALHYAITRRLGQQLDEIERRLDRVEEQLRELRLSEATGHSVKRTSKLE,1,0.58670825,0.58670825
K2RGV6,MSPPGLLLSSGSSTPSAVSAPPPRLSFLQARSKPDPHNITIIRRISEVTPFFLSFSAAGDFHTLSGPYLSSVVDTDGTTTKLVFDVHQYLDEDRAGNSPECVRDGLDDGLKPLADWLRTHGRKA,0,0.9708458,0.029154193
K2RH11,TPFNSLLPLSTAELCPPKYAPADLQRAIFYDFVNTFYTIGNTTEAFLTHVDESYIQHNPAILSGRDAAISALDGYFANANLTIMRTAFDSPYGWIHYRVDQKGLEPTAYIDVYRFNGSCVVEHWDVIQERPANATNPLALF,0,0.96969235,0.030307584
K2RH62,QCNIAGCTQLSCQAYCKSSGLDTSSYACTWLSDKGCSDCVCGVNGLPPPLGNAPSQDPTTDPGFPFRA,1,0.95248425,0.95248425
K2RHF2,MPSVSAVISSALLLLSTVAEIAVTSQLFQLAGGNTANNVKFTRALVSGATSYDILRSPESGSFESLATAPGNTYGIDDLNGRITFRIQTRNGNSKVDTSSDIPITPGDAGFGNLNTYSNTAPSTLNMKSDLVSGGTYYRHKYEADSQGFNRIS,0,0.97959167,0.020408325
K2RHF5,MSVGLAGYLIATASPALVARYLTFFLMLAGVNGPYNIALAWIFTTMPRPIEKRSAVIAIINSAGNVAQIYSPALYLAKDGPRYIKAMATYSSFCLACICATLFLRLCLQRGNRKIAQQEGTGAERADDKERAVGRTYDEGFRYVL,0,0.96543705,0.034562953
K2RHS8,ERPTRSQVPSSWLSMNHQPVALHFYFKHSAASDSRPCLLRKSIENDQGPFRLPTSFQVFQSAQLSPALSLYQLDTIRESALACCKPEWTCSLPASHAEVKRDNRLQETIRHYYSRTLHIYIDPKERLS,0,0.73637825,0.26362178
K2RI03,ADNYRAGAAGTACAANSDCSSYRCSNGVCLDYLGKGEQCTFDLNCGGDFVCVTQPEGRGECGMCIDAWEPCYGGRDNRAPNNGCCSGLVCGANEDSPTLRICRPPDLNPGTSS,1,0.9650512,0.9650512
K2RID5,DSHGLCGCQVKSNGDLTTTQTSICCNEWGGTLTNVPKSGIIKYPGFYCQHDWIDGDAFYDCCRNNGAGDSACPW,1,0.8718693,0.8718693
K2RIM4,DSSFGLTPFVEQVLEPANSAALWAQISDQVHTLMPGITCTLASTSTGVNASVPLPGVRDEACSTIEAQLQSVFPTISCTGEIDYTTLLENPASANKEARTRTLTRRRTGNAVIDRVEAQQESQANTKSSQFISSCARAPHPGNCRACAVGYGVSAVGDIGVCAAAAYGAAKANHGVASPTIIAGFSACGAAAIGRLVSNINACWTRVTKVGIC,0,0.8599542,0.14004579
K2RIQ4,CAAKDHERNSNGTDDAFNPTVHACNKMAKLTALSEIAANQTETDRFLSRAKNQTKAQGELDGAAAKLQAMSANATLVGTCQVVDAHEELKASCKQMAKLQKLVDASSNSTLKQELLDKAKNQTKIDEKIASASSKLQSMRSNTTLVTECSSLEQEKQAQNAEKGTSASASSSPSSSPSSSATSGAETIAVGKAALGLLATIAIGAATLL,1,0.6300836,0.6300836
K2RIR4,AETIQVQCTPSYNEAGKRDISWGDVQWAVLNRKADLRLPAGFWDGRVRNCCAPGRLRDDLGCIDAFVFKYNHPYTAGTTYLANGGVTCVKIDAGQTYTHFTECS,1,0.9494329,0.9494329
K2RIR7,MVYTKGSAVPLVAASLFYSGLSSPANLKAPGLSSIACSLGSGEAHFKANEDSYFSLARTIQPTELIYAVGNGSNQSCWSVMPKDTTSSFCLKATEGYSVDSIGVSTIVSGIYFSCRAGGDTNTDTKSYACPYDGQHLVGVGYLDGGSVFLCMP,0,0.98166484,0.018335097
K2RIS7,APAQDKPKANEMMVRSLDDLAHVAEGAVVQVCHPNSSSRSADTEDNSQKLKRVKRCEVAAAAPDGAIVNKRAEHPDCEDVPTFITNW,1,0.949555,0.949555
K2RIW1,MEPFSASAAAIGLASLVCSVSVELAKCINTMRLADRDAERTQLELAEFGFLLEQFDSVAPRPDQDRTQPSTNTRLRTAIMEDGSKIAEEMGALLDHIGILKEKNLQTALQRGMAKFRWYVKKSRVLHLCVQFNHKKVSMIAFISSVGLESVQTELREMRERLKLLLSELKELRIDRSLVSGDTTAKRNNLRGQIAQFKTKCRRLERQE,0,0.9650755,0.034924496
K2RIX5,QEVDWQDIPGVCYSVCWEVASLSQGCAYTNGNNYIDCVCNNDVAPRWIPNCQACIAAVWRKDTNVNSLLNSCSFTSTTWTGATTTTGSGTAAPTTETTTTGEGTSTPSSSSTSVSRTSSGTRSSGSASTTDTGSATATGASQATSSASDFTGAAAPVATACFGMAAMLLGLPAII,0,0.6341717,0.3658283
K2RJ44,MVPPLIMPGSSVADTLSPLQIWPQTIAFSPLRRALDDARTTRWPATVTTTFLSPRSRQPTLSTTTQLTEVAPFPTHSLSQVQVWHCQRTLQIPASPDAEDQLIAHNETVLILDKFNFSDPHDGTLPADALVTLWATTNAGLAYPSATTSDFATQSFFISNSCMSTRSIAAA,0,0.9707908,0.02920927
K2RJU9,MSHGLLLLAISCPPTVCPRRGCRRLCPSDPALSPAPVTSHSSRPSRFCYKLPFRPTCQVCGAEAFDHSASAINGHQGRGTSPRKRSKSICYMSSWPFQTRRFGRWRAFGTCMSRPRAYAEETPELRMSRRLHIGNQHKRMTGVGVCRRKENEQQRVSSSPSAAFVGSFVAPLPFF,0,0.9584616,0.041538406
K2RK79,MKFFIQFTFYGTLQGLFIIITDAILFARDQQNGHHIDSHMAVLLGFAGLFTLFAVGIFGNTFFMTLRNLTTVEALNRGNATYHMSVLITPSWCNRRNDEQYPFRTTTYPGAPGALYAILLTRPGDNPWDLGTLKNWKSVMGNSIVDWFLPLKYSPCTNHDRQDSEFEFGPVVETVKREATGY,0,0.9784086,0.021591447
K2RKA8,EPNGCKQVPSCRQAKRYRCILDKKSCGPAGDIQWKKKKQFVFTPNIAIGGSELFCVAITVNQNNKEQYFYQLDKGAHDCTVNNFKQLGSSDNGKVDIVKNRQPPVHIKIRNIQLPNAGCVLSGGIDEGFVVILDNER,1,0.97447044,0.97447044
K2RKE2,DFPGWLAIRCLLYPFFCVFNSTLFSRKRTHALSLLICFLLCRRARTCFRGVRGYTRTTYLPVRAVRTTCPRSRWLATQQTLSQGRNSQNGHLGTLVGHNGWAFGHLQVDSGGDLEDIAASSRLCFCTSCLKSQGFSLAPESYTDCRASAVCRVLLLLPRAVYNVSMRDCFQWELSGFINFFTLTASFSKATTATTGSATCISQTASNIQLLVLRIP,0,0.90960604,0.09039392
K2RKW5,MLLLIIVSYLLIFIKHGSYSLCITFPVQKQLCPSHSLQNLHCLIEWTRCYSAIWVFSISNIAQWRSRIFIIDDSSYNNPTYFLKQSFGAVHLFHPHYLLPFEAAPISGPIEKHRCPYTHYRMSKHQCSSPPFFSFAL,0,0.9704882,0.029511841
K2RKZ2,AVLPRATEHKIYVDTSKCADSGRTLPQIKGISNSTSEDFTDPQRFDGPTFTFTVPAYYQGHLWLYDSDNQAASSGENTPLDVQGVDFFFYDQPTEVESNQATVPAEGSVNQDGKTYYVPDPITAVRFASTPSSQFIEGKTGGTLKSTQVGDALYVYYCEEWPVQN,1,0.57399046,0.57399046
K2RLB3,MKCPGSSSAHPCPSLPRPAFSPVDNRESYYSIPSLLHRLAYQCTPLFFLFFFAQSLPYFHLTYIMKSFVSTFLFTALGVSSLVLAAPATQPESEDVQPSLLSDVGNAVKDTRESVDGVVGSTLAGATGIREWSSPVPE,0,0.9644732,0.03552675
K2RLI8,MIHLLKEVVNVIEVSSVDDIDLGPIYAYTLRTLIGKVENAKPVCAKAGGQFPDHTSTEQQQNAASMLSDNYPADGNATFPPPHAAVNTPSSSSRETTSMATSTDTAFTQDMASGEFPATGEIASFGYPSGSGGGFGDSVTTTAMDTDGIGGDPADWSQWLAFQFDPSFTAFEMGYMIDAANPYVSNM,0,0.9685212,0.03147886
K2RLX7,MVTSLIVRSISLLTFAYISSEAWYDLLCRTEYLHVQFPLRESRVSNTHAIYYREKMKAQSYISLAEKLKVDTSQAVTGPTRGVLVVPNSHLSALASRYNVSTVVADGTK,0,0.98011655,0.019883431
K2RM14,MPRARWPRFRSGVLLIKAVCSVSTLFCPATTSSRSKIPCDLGSFEDTYHRHLIREFSFTEQRGKEKWTAYKFTKSIYEQWVPIHLARISSAIDQIPLDPDFSVGHSSEPLFSDHTGLSQVIETHRLSQSEDAASLEDTSGQLSSVENSDPAPDTSLSQGTKRRKRNHSKR,0,0.9736616,0.026338426
K2RM52,TSDRVIYQGFNSGNTLPDWSAKNESDFLKEFSTFPKLANSPGMFNSVRLYTNIQAYTTDEPLSAFSAAIATNTSILLGIWCSGTTNITSELKALTTALDRYGSAFADLVLAISVGSEDLYRGSAIGEKDGAGIGTGPENIVRFINDTRTAIQGTLLENKPVGHVDTWTSWVNESNTAVRRPHVPATRPEEKGEKKKS,0,0.68002075,0.31997922
K2RMA6,QDIDNNDVPSVCRSVCQSTVDLTTQCDRQNDDNDTGFINCVCSSSNASSFIPECEACVAANDEADNDVRDIVRSCSFTQVSTWNSAATGTATSGSASLTSATAVTTGSGSVSGSTTGSTTGSSATGQTTGTTATSTGSTGATAAQSTGAAAPAVTAGLGGLAVAILAGVPALL,0,0.5837187,0.41628125
K2RME7,EDSWGGAVSLGPTKSTIVNAVTTIIPGTPPSSQNGELFLWPGMSNGTGDLVQTTLEQWSDGNEWCGADSSQWCIRASLFGSFGQKDAKASAVDGDVKVRIEYNLMDDGTTWEQIVTNADTGDNLSYFSYDSGPYMTGYGTGTECDDGCTGTASEQQYLNTTITLASADTTFGDTLTSSGSTTKTDIISSQGGKVWTIEKITIPAMS,1,0.5961093,0.5961093
K2RMI2,MVNFFTTVVGIFTRLINGLTALTSFLLFVIWLHTRDLYYTIANLFLPSRRVGRVVPPGRPGHRAVWPNFKAPIQASDSRSPCPA,0,0.9648112,0.035188813
K2RMI8,EGDKTTSYSTVTSTRTVMHVVTETHYSSTEVETSTELIPTPVTLTPSSSAATNTPVTTPVVYSAGNSTTPVGTGSFVSSAIQATGSQGAAASASPSSPASGAASSLKIDAAVAAVVAGAGYLLL,0,0.6739242,0.32607582
K2RMJ0,QDVNSIFSSITSEIGSGASAVPSQVSSAVSSILSDGSSLASSLSSVAATATGSLASSLSSEINSVTSSLGSELSSATSAGGSALSSATSAAGSAATSASSAASSRASSASSAASSAAASATGAANNVAIPAMGGLLGGALAVVGLL,0,0.9056956,0.09430434
K2RMJ1,MIHLVIVCGSTASPLAPFASISFPDSELADQLQNAYFAYRWPAMPANHRHTLLEKHFTPAMALEDADKVSLFLTFMVFALGAMDLQRQNSDLGGQHLNFFKKATHSYRNGPPVLSHHFPEAQSPRNTWG,0,0.9780206,0.021979405
K2RMN3,QDVVPRPAAAAVTSIIDPATQATGAPTSSNDSGSSSSAADSAAGAEGADDGSFKMSKGGMIAIIVVVVVVAVGGIVSTVLFFIAKKRQWEVRKSLKRVSRRLTGRSTVDVARNNREHRRTAVRVASPPPGQNRTAGAQENRNRDLEKGEKKPAGRNQKPTMSAFSVETPVVKSWKDRVFGYKE,0,0.8524199,0.14758015
K2RMQ7,MPQAFDYASAVDCDAKNSACRTGANANQATCSAAYTACQACQTANNACRTGPNANQAFCSSQIVGCVANAYSFLSTSSSSMRSTSPSSSTRASTASTTRTGSRSTTRTGSATSRTGTASRTAATGSRTTGSRTGSASRAGTPTASGSASRAATGSRSSSRVATPGASTGPRAGTPVQTPVQYTGAAYLSGADLGMLGAAVFGVAGFMV,0,0.9521596,0.047840383
K2RN02,MLVSERRHEIIAVVVSRLTTQSNSFSYSGLLRGFHEVVHEQLAFVGEVIGGPLLNFSQCQICSRHRNGAHYVYEEVQRAFPFLNELCGVVFLPLFHVLFPEICCESFLAPRTVNGVRNGCERGAGLILSRILQELRERQVSKWKAPYAKGERIGSCRARLRRHTRVRAPCPPTQSPVTLTRLPSSSSKNPNSFSGSSSVRYVYIL,0,0.9517545,0.048245564
K2RN15,MCSGPQVSKAACRLCCCQPSQEAHADSLRGPHAGQDSDPHQPEEADSQLVAVATQAGGSEHLGREQSLKGWVLMAKTERHRGLEHGENTSRAAFIIIIRLLSSLFLRLSHGGPSGSSGDKETQVASDLQSIKAQEGGGPQRHSIR,1,0.96565187,0.96565187
K2RN52,MRLLLTPLTAGVEQSHRVAHDRHFEGEAEEHEPSSSSAPYLSHFRWATTFVWAKLAFSVLLTLRLALLVGDPVGRLVELGGEARRVARELRRVVGDGGCGVFGDERRGVKERGAGVGGGGDDGRREGERGGSQEAEYFGILETSVEKFQMAVGARVRGDADAARGRGPVGGVAGAEGVHSGQEEGGRGAGAGGGDRRERGDDEGTQAEADFRTYLPKEFSFDWDFPGLNLQYIPLDWEELFGDFDEII,0,0.9786444,0.02135566
K2RN82,MRLLLVMEATMRTHSSKGSGGQLLLLLLLLEGWGDSASGVMACEVAMVLKGGEWELRVAWEMLEGRGEDLVMMGRGRARKLRRVKERYKGGRRRRGWQGREKLRSASRRPDTERGEGERGSSVTSVCAIGDPRSQIAVSRLGEWLLLLATERRGARKAWASGSKCRVQKARDKNVSHPTSSRLRGYLRSNHNNFGRSIGKHASFQRHEFSPLVFCM,0,0.8882809,0.11171906
K2RN95,APAPIPKAKPADVDNAGVDSVEADKFDVPTYLYVPPKSDKQPTLAFDPKTGGYILISLPDEPKKTSWKREAEPMPAPEAEAEAVAVAPDNLAPKYGYYGRPVFIPGGRQPSSPQYWSSTDVRSSNNQLNGLVNLNDVLNDNTIDLDILK,1,0.9594771,0.9594771
K2RNB3,MVLVGSSVFGGNVKLLLNISDPHAPRLGDDAHQTLAGVAHLVVLIQAADALLDDSSGGAEKGVFFTFGGGFGAGAGSRTRTRTGLTRKHLGHGGEGREVAE,0,0.9589353,0.04106464
K2RNC6,MTRRCSSVVCSWILSLIFENSCLYGFPSKLANLLNEHLPKKWTARMQYSTTSLKSPRRAALISISGSSLSYNSTCPIASVKVSKSRRTCSVARAESSEIFSTSLIRAQIGQRKSALAWNATSMMFERPWIEAVHFWSLSSRAVDLRASKAFLESSKTSRIDIDPFWHCS,0,0.97381103,0.02618898
K2RNH9,MEKGAGAYQTKFEASPSIFAPICFLVQLCAPSAPITYMALMTSTRPDLAFACITELSQSSGDRLLRKSPFRTSAEEDSYTDEGFASSSLSVLTVAVAEYAPGGHFQAFHHTQATLQSLRARCAN,0,0.9274677,0.072532296
K2RNL6,GAAGCHKGAYFNPRKTKLPSPATHLSVSGRNTATSPTTIPAHITRNQNTARNPSVPAMIPPITGPIATDTCRTPAKVPVKPPRSDAGAMSAMTPAPIEMVEEQPAAWKKRRVVRTGMEGERARPILERRNSL,0,0.717185,0.28281498
K2RNN4,LPHFDNYPPLDFPRWDDIVNETVGSGNWHNGSNLQAPDALAPNFIANNFGPKDLNSEGGRYKVVAPLMPELGFDPAEG,1,0.91656035,0.91656035
K2RNN7,MAPPRKALIAITSAHAPLYPDGKETGLFITEALHPFNVFKKAGFEVDLVSETGTYQPDWLSQQKDWLPDEDRRVWEDHSSEFRSKLDKLLKPSDVNWKEYGLFFASAGHASLIDYPTAHGLQSLASNIYASNGGILSAVCHGGAIFPGVRDPTTNKPIISGKRVTGFTTRGEEEEGVLDTIKSWDRPTIEASAASSGATYVSPPGPWDSFAVTDGRVVTGANPASAHKTAEEAVKAFDAL,0,0.9540584,0.045941666
K2RNY9,QDPNNFAADTMPQQYSYSYSRVNTPAASTPSSSSSSTAASASSTGGYSDDADAFLSDTQPSGYSYSGSSYATPVLGTPAAAGNTGPSTPGSGSGASITTPGAGGAAVATPGTTPGATLSGSSNGSNGGNGTDSNGNSTASGSHNGSHGGNSTMTTKTASKSKSGSSSSATSTSGSDSDSSSDGSSSGSSATPAASSTGAAVPGAVVSSGVVTSAVLAVAGWMLAIL,0,0.90980977,0.09019024
K2RP14,QTKPDPNVDVSVFELRVFSNETAIDGKPIVAKNGLLAVNTASEANCTDGVKYEATTFTQFLIGLTTYNPGGNAQTIYVGTNGQNLQVAAPGAAPAEEQVPTGFRQIVHWDDKLLQFRGAGFQACPRSNFDEWIVSVQPGALPTTPECNIFDAVIVPKEAATAPKCTYN,1,0.94819146,0.94819146
K2RPJ0,DPINGSAHLKYLEAVDKVYVKATKDKRAADAEPTNRDAILKFLGEQGLGDGKGTSGAAGTGSAAAAEAGKVYVKVSKEKRDADPTNRDAILKFLGEQGLDDEKGTSGAAGTGSAAAAEAGKVYVKVS,1,0.86843985,0.86843985
K2RPQ0,MEVYFASDDPYWKAAVLWVIVSVEGNFGIVCGCLPTLKPLAKMLFPRFFASRSDLAAQDKSIELAERDDSVNSEEGGEAVAGFPFGNISNPGRDRNGTVSEVEIEQVEPRADIQGRRIRRDDEVWAEVDTTLPAGGFKVLQTMALHGSRRNSTQLTASTGSIEDDSNSENHILRPWTGWSKEC,0,0.9408468,0.059153207
K2RPT9,MNTKVSFINTFKEMFKLGVYVLGMWFLLWVFGLTFPNSTSDEDASPRARRVRLMRARQVQRGRSAGQDNVSADSE,0,0.94056326,0.059436735
K2RPY0,MICSACHLCSGLLSSNTSNLVPLAIANTTWLGTIGVFRCSSKWRSLCSTGKLLSLLKDAATDFIPGHNAKTLRRVGGVVDVIPSGEQRRDKLQDVSFNGLQGQCFGNLCPNRKNRDRLSVVTKVILRGQSHRHPGSSASVFDYPEI,0,0.9682621,0.031737976
K2RPY7,TGPFFKQLNGSTWIIGNDHWNLTQNYKYGTKLYHKGKDLVGDAWGHYVSYSASSPSPSPSVLTLTRRLPDGAANDLAWLNASIVHRTPDYIDVAFTAAEGDFHWVIYADLVGAYQYFVNRALPVLGEFRTLWRLDNTSFPNGRTTARDGELPPLSEYAAATKVQDETWQRADGTFLTKYDWSAFVREQDYYGVYGDEFGSWYIVRRHPLLSPRRLL,1,0.79111665,0.79111665
K2RQI6,APNAMPVKELSWPTTEAPVLEDYRDISSGVTQDNGDDDDADDESYLEKRGSPSWVRRVKFCENANGGGACNVKDFRPETGCYNMWSWFNDRMSSIYLAPNTYCMLFSDSNCRGKWLKAFDPGYSNLKVQSLLNDKVSSMRCYAR,1,0.91093886,0.91093886
K2RQL2,RWGDGVYAQYKFHTSSCLPGPEQDVCAVRMTRIRIVSPNLIPKGQSPKQRSVIEDNLRVDMLHAYWHGRSVQVSSGRCRFQGAVMNTPKSSASPRDSANYARAREHLAAGWSLLNSVE,1,0.9274865,0.9274865
K2RQR9,MSLTHSVSTCCCKMAFFFFLNPTASELPLTVKHEESADANFKSSVFCYWKCWINHVYYTLPSVVYSGEDKRALHGRPPRTTCQLIPIDSFIIDQAVTPLVPTGKNDRGQTSNYKSLETSSRRNRYAVPSNQFRIIN,0,0.9693925,0.030607462
K2RQS8,MFLQALQVLFSAELIQNASSASLSFSIGATAIFITLFCLLRLYFPDLALSWPLRSPPLCHQRGLCPARHSQRLLRRAAACHRNLVKSCWYRRSAPIRSIFSFCGWAATPRLLQSRSRALVVIHLLLSQSQAGGHPLRRFPYFRDV,0,0.97605383,0.023946103
K2RQT8,MLQASLLCHAVSTGTGKSLRWGTSCLIPDHRLLGTLGLTTLGNIRHSMDSAISVATPYRQQHVSGSLPCGLRSSDRPCHSGCRYSAPPPQSFPQEHSDNTLLLHAYPSFPRLRPGDSVPRVSGGAIQEIRRSQDLLRLALEHPGAAPRVSAGDIQERRLVRKERQPKEDSL,0,0.68843,0.31157
K2RQU1,GVLHPRQDDRPYRVLEVHVNVEVLVQPVAIATFCAQNTVFAYAPSNFFTVTNAPTFISTVLTATRTTSVSSYRTYATERPSGYGYTSAQPSSRAPSTVSSRTIVLPTTSFPFLPTYSPGSSASSVYASRSSALPGPEPSPSAISIFPSSELLEHIRTVVFELAIWYSVVLTEL,0,0.72584087,0.2741592
K2RR12,MAEDADQASQAPLRNVATNLFTAGLYSISEAHCNTGGNYPYYKCIGCTQFEVFAGACGLEHDYKVFNHFW,0,0.9198267,0.08017333
K2RR28,GTIPTFAKRFNVTEAWGQWQVTNLTFYDSPSSDSLSFQLWWDNGYSGPVQCSASLYSIQDDSWYRCAAREGYGDNLAFALSENWENISISQKLYQSGPRVNLNGTAPLPIKWENTIAGRQGAGDPFYVPVLSVSYTFGNGTTSPTEYSTRK,1,0.7518984,0.7518984
K2RRI2,MCGNSSRLSAGGTIAVLRPPPHESQSAAANCTLFFDNSKDRAGRTRAVFQTQGGGGFDNYMGYFMLIHRNGDLLSRPPLSEEARNALYAIQLKPAVDEHHSLAQLDLADRLEFAVGGNGVIGRKVSIVTDLSDRGTTLAEGIIGWN,1,0.85275143,0.85275143
K2RRN4,MAAVLAANMHVAAFFVAVAAATVLVARSPVACRILDAMLNVSLTAFMWRHSTHEIHHRLGNRIPDSLLSEHCGRTKPQRPRLQIPQWADERQVPAWEGNVLHVEREVRQHLQNLERIDSRSVSSAPA,0,0.9753955,0.0246045
K2RRP0,MDLFLSAVTTVSSFLGAASNHTQHAVTSIQWTQLPGDAQRFFARVAGAGTNFIEMRWDDLPDKTKEWIKAHPYQTAFYVAHGIVIVAPTPVTAPLIGAAGLATASPAAGSAVAAIQHALTTVGTGGVALRTAVTTGHGAPAIADGLQAAFAIGTGIYGLWAYFAGAAAKEEPPKAAPAAEESTGKRTSSKRSKTAQVPAEPRRSALRNLFSLRRRKTMA,0,0.9809451,0.019054929
K2RRZ5,MEFRHVGDRARTAVSRSSILHLISCYIARQSRDLQQIPTAKSHQSMHLLVLNADVSAQSLPPRVFEIVLLFLLPFTEALNALMTAPPPMLAHPHLLTILTREIKKLHQKSAVRVDKGRVNVAIENGTALSSPDYHSSSKLFEYTCSSYGHLTIYFAFCFIFNAPHIHILSARHPCHLQEETGQYSSGNL,0,0.96602595,0.033974018
K2RS03,AAIPNPNPNVGRAVLAARDDDWDDRGRDGDWDDDWDDQRAPDDPAPPAKSNNGKGRDKKYNVFHPDFFDDVDDDGDWDDDGYRAYIKLGKPNQNVPPAPAPPAPAAAPPAPAAPAPAAPAPAPQRSWRDDDDDDDDDWRGHPQGTKYWDGDDDDDDGWDDKRRRSLV,1,0.5107214,0.5107214
K2RSD5,APLESPDKYGSDITPIDIDGDGKISKWELGQKWQPSAEFFQFILEHQQKSCQQQPQPFYKKRDAAPEAEAEAEADPCFDGSCGKPAYYPEPNQPYYPEPNPPYKPGFLPPNKPGFLPPGKPGFFPPTPQFPPFPPVQNPPAPNGPCSGNTNVAACCSGSNCQPMDHGVLGGLLGLGLDIPILNNACQSNQQLNCCNQQGSILSNCGSLIDIL,1,0.93124485,0.93124485
K2RSF4,DDGDSCGTNLQVCNPPGASTTTLPALGPDLSGLYLSLLDSVKGISFEKRAQQHHHRRRDNTPSFCCATGTSCLTLSTFSLPFCYDKFTTNFLFPDGSSGTIHTGSFAAADGATADLLAGTYTNGSTTGNLYSADPAAKPNTATLSIPPQYTASGVGSAIPLTALGTVVVITTTLYHPDPRCGKW,1,0.6264172,0.6264172
K2RSI2,APTASEAGVYNGLEARSGEVTVCSVLTDLHAQIQIHTGRINATYVGQSQSALSQIQKTTCVSTVKVELSAIADIVTSATTKLHGCSKAGAENDVIISLIVKIVFEIVCTINGVVAYLGASALLLLNFTINLVINVLGSLLLAVEGIVAGVLAVAWGLVSGVLGLVLPGVGSLFIGLGNTLHGECGCVSQ,1,0.549117,0.549117
K2RSJ2,APIPSSTGPHAPTQHGSVADARIAAREVSSSTRSAPQLSEKRFIRAVKGLLKREPEPKRFSLDDFTTIAAANEKYDGLRPEGAGFVGLKQRGTPGWSRIF,1,0.62347984,0.62347984
K2RSS3,MRLNHALWILLNPVLCWACHGLPRLLLGASRFSIFSSIFSYSIHSPPIVRFTSGLTRCLSAPGLNGSCLPRSLLSLHVRCTVHWPSRCPSLSLSSSHLPRCRIRSPPNPRRSPMTTSPQGYHASQIHPCAHLLTSHALPAPAKEAPPREDQGAAETTQVIVNAREDLERSQCSDLLATRRRSRGWLPDSARSARMGPGSLRLCWHNGHGRWVDRSSMAIADRRWQRRRSHGR,0,0.9773013,0.022698687
K2RSV0,MELSLFTWLAEHGLALSRAHLWVCHQQSCFIRCPEAGVCRRQSLCFWRKARQTKASVRIRRSGLPRPEDATLSEDKRPASSMAFAGCGIALAESSNAIERQLPSQARPIVTFPSLVVLSSGGRQTPQTQAPEPHRREANAIDPQQPIIVCFIMLLVRSTPAVSWLEHRHGKASFPRVSSQR,0,0.97211254,0.02788745
K2RSZ1,APTWEARPWGDLQNRKAWAEGAREMDNNAWRPTTPPQRDVDRATWRHPKLQSWGGHDGWFPACDASCNPQYNPNCIRCNSPIPPAPGCDPQCNPLYNKNCVRCYPENFDFPPVPCDQSCDPKYNPNCIRCNSPVQPAPGCDPQCNPLYNSNCVRCYPDWVR,1,0.96675396,0.96675396
K2RT94,APALSDDVSEAHSAIEPRQEGVGVSVTASVSVYIALQSCYTQVRNHTGAINQTVNGVGGTGASWLQQNGAIQAVRYELNLIGQILAATTQQLSVVGGNIGSDINGLVAILLQIVCEIVYTLQNVAVQVGPAVVVILGIIINNVVTLLAGLLLGVEALAHGSLRLVWDGVNGVSGTFNAAISPIVKALGYLLGLQ,0,0.518062,0.48193797
K2RTI8,MSSGCCFTGSSCTSTLVLLAVSQVGIAGSASSLNFLSLETSKVAYCGTLVWFHPGPEYIGGGCDWYCWLLGKAEGGGDSTRLWPFRGPGQQALQQLRQPQQHSAPQQRQRAQQYSSEKTMRPPIMMAAMTGHLRIGLAPPQGCFPNGR,0,0.92173564,0.07826441
K2RTY8,AQILPSADGGSEDERQISFDRLRYDALRIIERGRNSPREQRRVKEKSPIARLSYFCRCRASPNSESLAPNFSAVDSIACRCRRVTASLEEAKGKEKSLSHNLKTFNRMRTGGSLNNSLATGGEAIYHRANSPSGQEKNRTEMLLFGMPSIEYSTL,1,0.95888525,0.95888525
K2RU03,MEAVGVLASLAQISTSIYGLISTIQNVQLQVKHAGAHFRDRTEQLRDLQSVLDSIQSNAQLHTDIVAGYLRRIQEKVIKLHELLGKRLERLRKVSDLRFWLVFSVISAGRQIDESFAALNQDRDDLHFYMTSLIPAAMPGRSGAAAPEHSEAPTDAALAPSALLLVRRINQSNAPECPTADCAKRERGEQTHRTGDGTFEQTFDKIKATGQGSVLRFGH,0,0.9631279,0.036872126
K2RU06,FECSGSAFEVAIPSNTSVTLVQTVSQNGTFEAPAGDVAYPASPTGLRALCALQIKAPAPGNTSYEFGLFLPEDWNGRFLYASLKSIIAVQSTPNRLNMAVGNGGYAGGINWEDTDCSVCRMGLSAAREARKLGPSRAPRICRARKADSGEFLR,1,0.9092025,0.9092025
K2RU62,QDCPQNGPASSLFQSCGQVQGSMNVCTTGAVTSCSCSVLAHQSACYQSYKDNYCSNWVYQNDYFSANCGDNYADETSSTRSSEPASTSAEATTTADSSGAAQATGAAGSFGLDSLLMAGGLLAALF,0,0.5825534,0.41744658
K2RUD2,FIPPDPPLSIPGPPADPPKVPGDGIGSYNSKDASIGDRLDFYEYRAMAKAADTLGLNNAARNLDHYLDNTGDDLYEVPEAMMADLPDFKSLVLNLVQTEAKKAYKAAATGSGSTQLFSTPWKAYDYSYKFNKDWFYALGAFSYSVAGIVKAHRDSSKSKSYTAEMSYVVYVFDRYNWDGGKSVEIGPFTFKDEDLGRM,1,0.8375271,0.8375271
K2RUE1,MGPAFSTGPVSSGSWIREATSTLVLPKAPSGSSGDASLWVGMGTSNGDLIQSIADNWNSDSWSIFGYTLLSTGANSQMPVQTDETAAAAGDKITMHYKFDDASGNYTQIVSINGKAVAELSTSDGHAQGWGSAVECAEENCGTMPAHSWEDTKIILDSADPNYINTMGKGEGVTGEMSTSDGGKTWTVTTINIPEFTFGSS,0,0.6851856,0.31481442
K2RUH7,MNGLLIIFIAGQVAQPYVRVPKETQIDFEVSASSAKKTSQKVWISGKLVSQQEDDAGWLPTYLYSSNECYQDTCGTLNGYTWSNLTITLSAADKAFGNTLSLTGATGSLDTPDGGKTWTGSIKINKDHFPASN,0,0.97696066,0.023039347
K2RUP9,QLGAGMLNPLGGAGLTSPLGGTGGDGLVGLNLLGDIGGSPLSTLSTLEDSYTGAAGELGGLPSIGGGIGGTGPLTAVKYLGDGGKTSIAGMVGGDLGANKEAEASGLGGILDTAGAGII,1,0.8172377,0.8172377
K2RUT0,EADAAALPIVPAAAMLGPYGLKVSSSSAVATPSSDATSTVTVLASSTPAASSTPAASSTVVASSSSSESSSISAVVSSVPVPTTLATVANVKLVSTSASSSSYIPTTTANVKISKAAKLKPSTAA,1,0.56511945,0.56511945
K2RUZ7,MLTIVRTPAAGHILFGEVLSHLIIAEVAGCLARIWIMRYFAQLKQLLVLCSGGRHGSAGGLVEAEILRTCALRAKKVILRGCLVLGANQGIDENDAQQLDRKCIHLPAGPLRPGNIVNVARDIATSVGFAGKNGSV,0,0.96882653,0.031173494
K2RVB8,ATYEQFPAGGLSCPTGAEGSTETTLAELKAAADSVVGTTPRETSASNLASGKCTSLSLPLYDLTSTSSLCRPALARLPSASCTTRARTLSTSAPVKGPTRTETVTQMAALNCRLRTSGRKMKIMWNERIVNTSRRCTRIYEMCETRRTKDQIYVRRMERRKSFKRTEKQTSGEYETST,1,0.89634204,0.89634204
K2RVH5,MTAMASTTCITVVAAVGAPLARGGGFTHMPVLPARGIAQAVHHPAGRATALLIWWLAKLLFKVILLGETATLPSAATPVFLVAVAAPVNGKIVLEAWGRCRNMSRRRRSLRKRRTT,0,0.96867174,0.031328276
K2RVQ8,MVPGLVAGALGVEVGCMGPVVAAVVALLAGAPMAMVMIIAAAARWNSVWDGGASCAEKCCGKRVSGEESGSFSAENGAPYLAEFLLSKFATVGACNLTPLSPGSTNKSHKGYYEAGRRRSGQILFCSWLGTCGIYTKKVVVTDRPNRYWSCRPQCGTTST,0,0.8880482,0.11195185
K2RVZ7,VLSLQDQSERRTDQQSARDPSAWMRDKAHVKTRATERTPGDRKPIFEDSHVVLRNGLLYIQSTTQSPQIPLHPFTGYYLPYPGAGHEGIVSTISENPPQLNWIYVDPSTYRVKHGLRVEAERGVTGPWGARMVDGKRHILWRGWEGFLAVETSEPGLWGLYFDCQDNGMKGMFEEDRRVVEVELLYEELEKDKHS,1,0.8203402,0.8203402
K2RW81,APVQDVHLEKRKSWRHCACQVSSHGIIDYVSTALVAQYNSWRWHLEDFPKIAGKEGAHYTGVYIVANSGKIDGSAFHKECLLNGGADSTCF,1,0.8702594,0.8702594
K2RWA5,MFLTATQWYSSTVLSAAFSGLISYGVFQLGGSLHGWQYLFLVEGGLTVLIALLAGLILPKNPWTCRWLSDAEKELCVLRAQRDSTSNVGSAWDFHEGMQPFKSWQVRLLSPSNCPTDGLCHSQNQSVRHSWRKAARVVKAAIWTQRRSKYYDTCIQTTAYATTHTFLQPEQSFLNPPSTSIDATVSNTDMPPPATQSPPTSSAPSSSS,0,0.97259325,0.02740673
K2RWC7,MLGSGTAFFAFPLFSWMRFCDLHATAGVGGYPQAQIGASTFHFSLCISFLRSKIRSGRNWMDRAGRNITTGASYGQACVEAALTLFFVLCFASAVSRHTLVRYLLAKCCCSLFTIARPHDVPGDDYNPWLLVHANAESSVEGTC,0,0.97281885,0.027181132
K2RWG3,MAVFFARILLLLRTTCFMIPQPSPIVLLFANGREYASNGLVLDAKIEDFVQRPCQEGTVRIDSDLGGFASCLTRMDARICRSRREEMIRRIAARLDVAAERFPRRSLLFVVPGSVLSVDCTSIRSLPVDVALFTRLALLLFRS,0,0.9788567,0.021143302
K2RWQ1,MEYIQCSQVLLNTWGLGISRRTLILGACWVNINSAQRRDGRSWCTRPNGHRHARPVLVEEAGKVPNEGAVRAHTDGIQAGTRPRVTGRDASINRLSGGPEQGPHGAHSLWTGRTRSGRGRAAGSGLSRVSASSIAGGGLPATAEFRSCVCLAEQDRRHGCGKEQHWIKVRYD,0,0.9635951,0.036404848
K2RWS9,QSLTPSYITVVTYEPCSTSSTPPPIVTEVVTTCTESLEISSSPTPLPTIQTTIYTTAYVTICPTGGLTSTTYTVTETYTGSVRPAVTSPSSSIPPGFTTTVTVCATCGPNGGPSTVVLTVPCSETASSRATSGIDLPASVASPSSSSGPVSSSSGAPSTATQSSPSPSATPSGTNGITTSPSTSTSLGSRTGTASSDVPDSTVVVTVCPVSLSGGCIHSTSTITKFWKAHHTV,0,0.5354454,0.46455458
K2RWT2,MANFLRNKAVWAVSATVGALYFVPKLTGNKSNVFETPGTQNIGNRWSAGGGAPTHTPAGATKRGDPNSVEPSTHNPADVTSKAFQDNIASQRPGSGEVCSTVVDRPPAAAYSDNRRLRSPVPLRRLGTQRTTAKIKANDMPVNSTNHLL,0,0.9737724,0.02622763
K2RWW0,PTDLRYFDVVLSANLLACIGAHSSAVIVQNGQLVDIVYFDRVPLATPDPRPTEGRLQPSEVRPDELFVLFRLKESAHLGRVVRVPYDSAALNLLCSFL,0,0.94006807,0.05993195
K2RWZ2,AAIPSNKRSAAAPAAADGAHASLLESLDAFAAAIPSKRAADSADSRAQLEEALNRLGAAGTPVKRATDEEEQADSHAELANVLNSLGSSKPAKRATADEEQADSHAELAKVLNSLGSDSSKPAKRATEEEEQADSHAELAKVLNSLGSDGTPTKRATDDEEQEDSHAELAKVLNTLGSDAPQ,1,0.8929599,0.8929599
K2RX25,MYARGNQSPFFPPASASGSGSQGANVNVTPFINTFNGMSVGPNGSFSSSTAQQRKGGMNPQSSFSSHGQVPQHGGHDQDVSAESLPQWQDIDVNLPIAGDLVVRTEAAEFTWHGKVPGRLKVVFMPDGDAAAAAALATGAGNGAVGGGGGGGAGKPSPSSWRSVNNSD,0,0.83361536,0.16638465
K2RX66,QDISIVASSCAADDFLAAAGAPGNPCEATDYVCQCTTGKQFTQDYLTKALTADPGTCTPQDIAGQSCSLAISHQAREEKTLC,0,0.6949715,0.3050285
K2RXA6,MLGFDGFSGGLPGLFFAPSSVFGWRTSSSSENALNEANLDVKTFLLVDFVTPVALEVLAVDTEGWALADVDDAWNVLLLGSVLLLNDEHCVSGVWLGAECLAGFGGGIEASRASARSVEDADERRTDTVVVGFLLEEYLSKSSSSLLAAARLISFASPATEDLEACTVEGLSVPIFLGGGFNGAPT,0,0.9259863,0.074013725
K2RXN8,MVIGYIDDVNLLAISSSTEENCRRLTAAHAEAERWAAKHASVFATRKYELTHFAKTPSRFRMGQGITLGGRYLSPSDSCRFLGVFLDQKLSGKTHVQQLQARATTALTALSSIAGSTWGIPTLGLRQSTDPSYCRGFCTAAASGPWKVYAANR,1,0.5733985,0.5733985
K2RXW2,SPENLKAPGLSSIACSLGSGDAHFKANEDSYFSLARTIQPTDLIYAVGNGSDQSCWSVMPKDTTSSFCLKAPEGYSVDSIGVSTIVSGIYFSCRTGGDTNTDTKNYACPYDGQHLVGVGYLDGGSVFLCMP,1,0.8004821,0.8004821
K2RY08,QDDSSASSAASSAVSSAVSSVASSVASAASSVSTVPYSNGATSFLTMTNSLGVVTGQPTQPAVATSQPEVATIPALGSGLYTIAIGNHTDIVVSADSTVTSIVSGAATIVGTSSGNVIISASSTAASASASETGSSASASGSSASESGSSASGSASGSSSASGTASASGSAASSSSTGAAAAVKVASGALFGAGAVFAAFL,0,0.72736496,0.27263498
K2RY26,MNVSNQKSKNRPRIQFPLHLIIPTLLIITGPSRFHNSPFPTTPHHGRRHGARSATTIEKGHRRSERRNGSASGKSAEGLRSHEDVGRLIAVQLWIILPSFLCFEHYFAAGPAPGASG,0,0.96942466,0.030575328
K2RY79,APRPNGGSNRSSSRVGAVERRAALETRNEVSTPLAGDLNQKTKRWFTLAP,1,0.83742946,0.83742946
K2RY99,MSTTLAKDDYHLNDTQKQIRLASIACSQFSVDDWLLLLGLTGYAVMTVFLVLSINDGGFGRKTGELPVSVLHTGLKVQYSLS,0,0.9216063,0.0783937
K2RYD0,MDSNTNDVVTILLVNSDDATASDLASEFSTSGIDEYAYTPESTTTAPSEWPTLETMIANNTRLVTFVASLSASSNTVAPYLLDEFNFLFENPYDNTDPSNYTCTPDRPTSLKGDTAAAASGDRLFLMNHFLYASSGLGIEQPNTTYLDVTNAPNGTDSLGEHAAECSTTYGKAPWAVLVDFFNVGPAIASVDALNGVSGATSGRAEVSTERVTRQTDSSSSAAYSAVPRNSAAAAAIAGMVVAMMAL,0,0.94918084,0.050819155
K2RYH0,HNYRLTGPHVTIAGDNPHFNEVRAARVQRHVNGKCTQASSEGYCRFTMYVVPVGGSRRRSTL,1,0.96236867,0.96236867
K2RYI8,MLDSIWRAIATARSLRCGCLQLTEEAESHSLGVLSCDTCRQQRLALATVTVLSAHLADWLRRSWCLANDSGRNDAGTNTRHATTPPSDQPRKFSLGSYDLDADEADVLGHELMTLRPGLSRGCAPTPMFSGCPRGFSSSFSLEFWAILLKTGANAC,0,0.95746017,0.042539906
K2RYM2,APAAEPQAIGATRSAYDIICTSPPRGNKVKHGDITWALQNRRKELDLGAGWWNQRNLICDNNNPTPLGQAAVWITYNHVRDKGKETTLAGNARIACRPSEDWGLSCRDA,1,0.93780214,0.93780214
K2RYN9,SASPIHFGSINANSGKFWIGKPTSSYCPSSVVEDCETAYPGNVTVFAGGDNTLGLDVSVPGGQQVYIAADGSLSFTQAHSAYTGEGSVQTGFSKSESGSFGVLSWTNGFIACPSANGTAPYQIFGGGYTNNTACLGFDFLTTNYTGAGAWQYA,1,0.89600664,0.89600664
K2RZ33,NDIPAACKTQCQPVVELTQGCDLANDENDAAEYACVCNAIDAVVQLTTCSDCVAANGGTDFDDVDDAPENDVLEILTACKTPGAVEID,1,0.6820744,0.6820744
K2RZ47,STGKTNVTCAADEIEVSAGKQLIAYLNDFNVTNEKLIIDDLADGCLSHEWIDIYVDALIDRIENPPDGELSAIVPATVKRDADLTKRRTGPFDMTAEVEAAKTQAKSKWICSSAPNPSTCNSCTFGATAILAAGGALCGFKDTRAEAVGCVAEKVATFFIAYQLCLSK,1,0.78135556,0.78135556
K2RZ98,APANLEAKLMTAVASQWTITDFTRTCNQADTSCHISFGINRNDGSAVQKCAYDVTGQPASRTDYNSVACGPYTISSGWSGQFGPDAGFTTLAVTDKKQIIYPAYTDKQLASGQAVKPDQSYAPQALP,1,0.8284628,0.8284628
K2RZA8,APVAVDADGAHLDYIYTQNKGEKRDEPLRPDYIYTQKKGEKRDEPLRPDYIYTQKKGEKRGDSHRLVDLITIEGGPGN,1,0.9517968,0.9517968
K2RZB3,MPVPLFCILFVTWITICPNQKRCRMSRQIRPLLPGHGGSGSISEIRGTLPTVSPQFASMVGPGMDPFTFRQCLAPQCTSLSGYHSHTTRIYHWQCCQYIQIQRLTRWTLLPEAPQEILQRKCSKGVSSAS,0,0.58835286,0.41164717
K2RZF3,GIPGSDRQCSNELRLTCPPSSDGVRRCLKDPNGEAALCVTDCPETSCCTPGCLYQGWSNGFCSNGDYSCLCSNVDPGNVRK,1,0.972408,0.972408
K2RZH1,PSATPFTKPFSLIAIQSGSVIHNLPLSAERGSLWLTQKTNATCDPPAADPSAVQTTFFVTPESQQFFLYGKLPNENAKQQFYTDRSGMGRGVLQYQDVPITGENFETVGWTVNGTHLNFDGQESFVACPVRDGSWVVSLSLVDPTLTGCLSFAAHVIENDNPVGCYYN,0,0.92629266,0.07370741
K2RZM7,MPIYVLPTLLALLLFALARSLIATVYSFVDFNTANALALVWDGETATRPRFFTPETYAANQGWGDTTSPEVAARARAARICCAVLTVLTGLAALLAFAIWRRERMGRDHERVSSVADDADEVERKEVGGREVVEMEDRGRAELGAVKGDGGMHEASGRPLHEMEAGAGAHEVEGRYLCEVEGTHAHEMAGDEGRRMVYEMDASEPAQRKEREEGERKWEQWP,0,0.9789915,0.021008482
K2RZP3,MLQSLSLSLSLSLSLASTALQRSTGRSGVQLCLRKTLIWLIIFPYPVLSGSLTQKVQQNYRGKRANILTTSKPFHSAEKNVFTVPEKNTEYLQKVIHAQTLARYQLRRPFPTRSRRLSTDQGFHGPHPTRVIRAQALVWFCF,0,0.97077143,0.0292285
K2RZR5,MPSRSKKSLLLATLAGNVAAQYSIRFGPYYSLGATTSYIAEAETTLHPGKTPDPQQDRMVLWPGMGTSNGQLVQSIVSASAEAAAQCGGKSGEWCVFASAYTGQTQLSGDAKPLTATQGVKNNYKYDDASGNYTQTVSIDGTVVSTLSTASGKAQGWGTAVECQDECSGAVNAHSKL,0,0.98169947,0.018300615
K2RZY3,LPFEAVNDQRNGVRAPVKPRSYAVVNVDGSSGVEDPTRIDTPKDVEEIARRAPSKSYSVVNVDGGPTSTSTTEQISSVTLTETVSSDPTTVFTTNPTKTVVYTQDTTIVVTETQFPAPSVTQTVVYTTTIIASPSSPTTTKTESTTSKNTIGASNTTFIVPSLTSSPVISISVVTLPPVTVTATESDTTSYYDNGMWHTSYAIKTWPTVISA,0,0.51670176,0.48329824
K2RZZ4,APSTPSVDVGLSTSEEKHLEKRLDPITIAIIGGVTSGIVGASATQGLNVAKSAADWNAAREAFTKETVKSMWDKRRNNNEAAVCYNKGYEVSKPAQMRDLTSIRFKSGVLNTDYDCFYMWGPDNHFWSRGDGGFINLAIMHDKNACPFDSKTSDLFCH,1,0.8545156,0.8545156
K2S080,TEADIPACAVRRIPSLSLSNVATPPLRQQPSQPLPISANTFLRTATVHCQGRSPGRLRRQRPEVQVLQGRRAVLQGRFVRYGCLQQRGRAQGRQGVKGGLRGPVDAESFMSRMYRRI,0,0.7092642,0.29073578
K2S0C3,MEMVHSIFTAMYITQALTTCRVFWLLTIAASVVTVVCFLFLRETYAPVILSHKVQRLGKETGNPKLPFRARAREPSPAARPLRALDPAPDPAPDLDAHAIAHRLSHGAVRLRHLRTALPPLHNLHLRLRGRVRLQQRHSRPDLPRHRHRHVRQRLLYGPYVRPRHQASHPTRRGHQARAPPAPVAGRAARPDTACRPADLRLDEALRRTGALDCAHDWDGVLRV,0,0.97736645,0.022633603
K2S0C7,LSILQDTRRAIYVDLTRCPDPKAVQPNIQTIETKPDLSAASQLCGLRDTDPACAQAAQAQIALQSSPDGAAWTFRVPRVWDSVTLFVWLQEAAFPQYWDDPAAGVGGTVVSFADKGDRGTASVRDRGTCPNGRECHEAQGFDISSVYFQTKEGGVVGSDRRGLATSVDAYERLVIEYCG,1,0.758619,0.758619
K2S0D9,CSASIPRAATEVKPFEITEFNVTQVAENEPVAQVLFKVYEPNTNDTTYCSGDAVRPNEINFCNGLPQFVLSDDFATLSVSWSWIPNGLQGKYSIGSGIANVTLNCLDQLTEQGKQQCVSDKFLIQPTLLA,1,0.845902,0.845902
K2S0E7,QTVEWTDVPNICRPACAYTINLSQGCSHNTNEAYLDCTCKKTQSPTWVPNCEACVATFWDSDNDVKSLREACSFTATTWTGVTTATGSETAAAPGAAETTSTSSGSSTTAGSATASSTDGSTAVGATSVSTPASISSPTPSQFTGAAAPLATAGVGMVALLMGLPVVL,0,0.58482647,0.4151736
K2S0F3,MASAAAVTILTTVAGAAITAAINQVAPTLANLSKWDEVREAFTQQTVQALWDKNPAGYGAAICYNQDYEVSNPKQQYETTSVRLELQLLHTDYDCFYISGPDNHFWSRGDGGYQNVAIITDDSKCQYDGSTGDVYCP,0,0.9804997,0.019500317
K2S0I1,KAETNATLLAYGLNSSAWPIAYGLSDGNLYITQNPDDYSANLAPVTWDLPSITGENWIVNATFANGTSAGSLYLRPESSNAVGLLPMTYITRINGTVSGFALFATQLVYNNNTYLEAQFWAEPTKTSGVYSLVWNSDGMAAVAESYPVVIKGVES,0,0.9140315,0.08596851
K2S0I8,LPTHTATFDPPAAYSVRAFPKFVIPTVAPATSTPSLLLHNGTFGYCTGFCEGCRLGDRCISCLLGIVQACRSQCNVNYPGNQLEQEGMRKADSYSKSSLALFPV,1,0.91637754,0.91637754
K2S0L6,MRWCLCGLLLCFSTLFDDDDDDDGRDRAFCDTKFFINERRAVEILLAVIRVEEILCVDLSQESKGPEESVVHISKRGVLILSDNVLFPFFSPLSPCCCRSFFLAAALR,0,0.7876312,0.21236883
K2S0R3,HPGHHGTTEMKSRAEYMANAKRTSLAHCADVLKARGTMDKVIERRQSKLDRIREKRGIKKSRKTTMLEHCTAADSILPQGPFSRLVTSTRS,1,0.5035336,0.5035336
K2S0S4,MLAEYGAKTAKFPAAFVLSVLSGYQQPADYPVNLFKPIPNAESSTIQQISNLHSSISIRLYVALSYTPNRMWTYSFEASSANDLPDPLPTPSGYQTY,0,0.97386813,0.026131816
K2S0V0,MFELMDALSTSAETFVALDDQNEFRVPASIREVGGVVDAWMFNMISLFPSNSSYADQAANQKNQVDSHFRRSIAAYHLATAKTASPYGNITSIVSLDALAIGTDKSSDDSSASSSN,0,0.9430041,0.056995902
K2S112,SPLPEPELEARQSLSAIRFWVNSDYSGAWADLSISSVGKCEQLPTAVKDRVSSFKLGLYNCRFYEHDNCQGANQWFDSDHTNLRIGGTWGYTGSQNDELSSAMCWLKTA,1,0.9033516,0.9033516
K2S137,TPIDPLSLPSDEVAGLIPYAADSSTAAPATNSSLRQRGSYFSSTHRVRYCEHASGRGACVNQDLSDEKCYGFMPAWKNRISSFYVNPWTYCEASKVDRCGGKAFPISAPGQLNFKTAWGGAYNDQIKSVKCVSGRRT,1,0.74095446,0.74095446
K2S155,NWCDGGISIAGTTCASGRNLYCCTGAGSVLGNVQTGDFSIFRGDCVISGSGCGDGGVPKCCL,1,0.9286941,0.9286941
K2S174,VPVDPRFPDSGPFKMIVLAYEQPIHYSYVKASGGYFYIGKETNSTCGDVEPILDGPNSAGALSTYGDGKENTQQTFIDISGAAGGIFSYTGPLYNSINPSHVADKFTRVAGPDISQLYYDGGNWLACPTTDDLWPSTWIVYAEKAYGHEVGKDKCIPFEIRTDKVDDPEVCTYY,1,0.9231912,0.9231912
K2S1D5,SPTPGENEIEARQTAGQRCVLYWQLGTPEGTATLSGCQTFTLGGTGRQTLAANSQGFPNCQIDIDTTPACRDFRIAGVRNCGNSRSFAFGAPGELRVCNP,1,0.85661787,0.85661787
K2S1G7,MAIRQLLTGLDEGKMIAVFIAHHQSIIALQECALNPEVRCGPCAALFVLWITFATSRDSKIYNSLLASKGRTRRVKAQKSLELLPQQCPGPLYAGHVNAEPWIIPRSLPTAGVRLWTKVLYDETGEMLGRARFSSKRSNTPSLREICTDY,0,0.96323264,0.036767337
K2S1G9,MANVLSWAVLILLRNIGSPGLWFVLICRTRRDDNGLSTFRDLFFFFALCCVEVASATKEPLSWILSAGASTAALRRQRPSFSHRCLIVGRWLSLTSGSIATMRQVGGNWQIFLRAASSRSLASRPTPCPRHISSTTRGRLRKSSSRSQTCSSRSAGPRRAEVIRGLALALQLRGSRLLGNVTCVPDMAARLMATGIQGFHCQPHELSPQVLSYIKARRSRGAAPAARRPDYEGAKSNPPLCCRG,0,0.9674548,0.0325452
K2S1H7,DVRPTTTAGQPTKPLTGDASAVTCGDGSVKHLEYFHTYGLQESHLALTNNTLFTLVEPYTNFRWLCEGISAADGKEFGCNIQNATVPAPAAGFWYTDDLTVLNVIVRWDAG,1,0.7945051,0.7945051
K2S1K8,MWRRVIIRLIPFHMVRCYCWPSGRRTRSVSASMQPTLTMSISVRPDSTTGVKQDSNKFIRALPLPHCPCFHLILEDNPSANFLMAKIVDLEAHRSMKKWLMTAPGTSTSLPTSNTASVKCYTESTARDTRPPWTSEIRSSTLEFHMQCVGPVQLPFRSRK,0,0.9658563,0.03414372
K2S1L2,AVEQPNAGAEKLAKREEFRDAIKRSAMPAPGEWGWGDYNFVGTCDHDNDCPRVCRENGFENFSDEGTKCCYNKCSCAGGCNGNGGKNECDADNDCPRVCREVYNVKVDSSGSKCCNTNCNCYGNTCGNGWGSGWGNGWKN,1,0.8791596,0.8791596
K2S1M4,HPGPDHPVSHSELQRRAAVSKRCAPQVAQFNEKRYNARLRKRALDLEERGNTTYQITTEAPYYDVIQNDTCVLTPEVTQGPYVWPRYAISPLYPTPVSLYSPVWPADQGLFEQLADTPPRHERRRGGRTALAGRRSHRHQHLRAAAKCIGQLLALQCHW,1,0.96880394,0.96880394
K2S1W4,AADNPPAGVAPMDIGESDIMVPGLHCGFTRLENCAAGIGFLGANCLFAALLKNPRQLTFCLSQLSANQKSSFPDCFCCIGESQYCH,1,0.9013789,0.9013789
K2S236,MPALTIPRLLAPTLLVSCHHISRWLQCTQGGFSVDQGFAAEWQTSDNYLGISGSKTLLSELSSTTVRYCKPRGGRLPDHGNLRAGKRQMWDLCVNDRSQRGRRTFLGTRRR,0,0.9799635,0.020036502
K2S242,QDLGALLSSCASQQFQQLGLTGVDGDPCKGDAGKPSYYECSCTQGQDFVIDYLCKNPGACTPEDIPGLSDTLVNFCKSVGVTVSPPANPCGLASGGGSSSAPASSAPASSAAAAPPASSAASSAESSAASSAASSAAAGGATTPAGTPSYGTPTTPTTPAGTPAGTPAGTPASFTGGAAVRHVAGGLAGVAGLAGLLVL,0,0.9095031,0.09049691
K2S2G7,MSVSTCSIALITCEGGNFVTGIKSRITPVGFPLHLPHSFPIDTVQLQSLITTMKVSALLSAVFLASASLAAPAPVPGDVNPNSCIDVPAGPYAGYCPSPYKYSFIKYCATRDRGDENCPTQSAEAKCCIV,0,0.9640016,0.03599842
K2S2N0,CSTYKDCKCHDSNTKVSPPTRVSFPVPTTAPAETLQLQNDGVTKKACSIYQGWGGNVKYDDDPHHQCSGNVSSESGTIGDIVIGTMDNCAWNTACQQAGGSNFYQVCWNKLNW,1,0.8165699,0.8165699
K2S2R3,MPLPDPVPLFGIVLVGVLVSGLIVVHIWRVRIDRHRDAIIPRDRENSAIENSLVAESYCIRGRDVRCTFPSGRAPLPRFTGVDYEAATNFGDLDPGYLKFSVMGHIAAGGGGRGGGRSYYTTGGRDGAVDEEQYRNPLATPATNSNDYSIPNGAGDGTSSCAMHYGCDLPATTPEHRSHYKNNNNNTTTT,0,0.94163686,0.058363106
K2S2U3,MSLSERSWNVSNMSGIGCAKLFHLSGVSTLLCSSTDTLRWSLSASVAASCSSARRGELNAPSNGLGVIEFCVPEICRGGEMDTGSASFGDPRDLARSCRVPRSSFSHHSSALFSVSNLCGGGQCSSLLSAGANKPTIDRPWPTSSLRDMLESTRVTFLRCRTRLSRTSTSAAE,0,0.8230705,0.17692953
K2S2Y2,SPTPANEAVNHLHKRANRCESSNIEGLYKRWNIWVDNDANYNGACGSGCLDNIRGRCGSSVTDWGCDRDGNGQGYYHFNTPTTCSEYDMTQALKACLKGQTIDCHVV,1,0.6727616,0.6727616
K2S358,EKETMLGVECSIDILCRLMLGFPAVAYIHLTGLSVRGTFGSVIIMAPLLKTRLMRGSAWVACRFASAPRPVRPVRQKSTRTVVSYRHVRTAEGQAR,0,0.91625094,0.08374908
K2S370,MHKHPASPRSQSTSSGHSFPCFVASISISPASLAWRCHTSPGLRTEYARCGLASSRHSAISAKPASQKATGHVHLTNFFARSFLMCPHLPKFFCRWKFRISAERDISACQRLLGPRHRYSTGDPSAPVVLQNHPQLPQQQGKMASIQYHPILR,0,0.9412393,0.05876066
K2S3A2,DPVPEAAPDPAPKKSKGGSTVNGTSTNDNESMAAFTANFPDIFMVGMSLLTFLASKFW,1,0.89690584,0.89690584
K2S3F2,MPGIQYQLQYHKPLLASLFPSVTPSSGPNASEEWFNTGLATANGWEPPFLNFTALYHISRAQFYAGAGRACAQYDDCFQRTGDGHGIHPAILAFIAMQESSCNAPTGGQTPGLMQVSCANYPGGQCTNSLEDDVEAGAN,0,0.9576673,0.042332668
K2S3F6,AEDVYLEKSRRPRKVGLPFGKPQEVNELGHEFAHLKRESDPEVDQEPGEIQRRQIQYVNRALKANLKFTCVFAGNVERQLKWSALLTVSQNSGNSVLFYKIQNVDRFGSNSVRITSETQDWANTWEHDWCVPIQNGMCTYHMVGHISGKAITTPGNLGLSHLMDIIGDNQPTLEELCISGNSNVCPAFDQGATSCILVSADATPCYNAECPNPRNG,1,0.9090173,0.9090173
K2S3H5,AALQSRATNYQIVVDTSVCSDESNLKPRITGTGAYAGIDYAGPTWNDIWVFDVPADYQGHVWLYDTTQPIPTDAFSVYGLDFEIYNSPTDDKPNKATLKALGKDASGVKPEPLTSAAFASQVWGQITDSVQSYSGGSIGSTIAGDGLRIYYC,0,0.57465094,0.42534906
K2S3I6,APAPEPEADPNNPWDKTYPFDPRPLPRPDDNGGFGTTGCNACFNFNCPQQTLWPAPGCNSDCNTLYNPTGCRACYTDSQLVPLLACQCRNQQQSPGWTKVRNNRQFWPPGFNLWNADDYCSVSTQPYHWA,1,0.88008696,0.88008696
K2S3K0,DALSSLTSITGSGNASDKIADAPSSDNAISSASTARIVARGFGTGVAQNTVAGLNGLMMDGFHKLFADLLGENDEGGQKNGAD,0,0.85172224,0.14827779
K2S3L3,MNISDHTQASHEKAADGLQIAASHDRDVYEAPQAYHEEPKYPVDCSWQSAPQAITSDEKELTASRDQAQSNGKRRTCGCSPVTFYILAGLLALAIIGAAVGGGVGGSLAASQGAATTVTVTAAPAPPRTSTLASPSSTSSTPTDTNSTRSFYFAVYADTDFTGLSRNVTAEGNYSLPFSAQSYVWNQQDADCCALFCRNGQDIGYRCSQVTHQNNITGGGVDKVAVQCSGGDASPPGTWCAE,0,0.95090187,0.04909819
K2S462,DLRSAHFFPWEKEVVANTTVGAPEYSTYEEYFSFANASSGSIQPLNGSCKVFPGDSTWPSQNLWQFFQNKVGGRLIKTVPLAHDCYNTVWGEYNAAQCAYVSSNWNVSYLQSVIPLSDGKLQMNSSVSAPTTQLPLPGPYSKAAHAYPTATT,1,0.8204957,0.8204957
K2S4H6,TCVKLKADVAPLPPSTTFFDWARCICRNELKGTAGATQAAGTGGVAYHVFICNGVSQDWAKQYPNGKFYHAVLSVGGSNREYRFRSIVRPSDVCPIS,1,0.89001507,0.89001507
K2S4I4,LVPQTQVTIAITQVSFRTFGQIVSVSVGRVIFRHRMRVELSYPNQADVAENYSLDALAFVKTLKTLPAHFAETLQLKTAFAKSSHVMWAVMRRLAVVS,1,0.7780148,0.7780148
K2S4R2,ATGETVTVTDLIINQSNDHLDAVTFKLNVDDGITCSASNTTFPSPVVSCGTSDYRFALVPGKEVIYTLRLYHDLGSGAGIYGEATVPCNGPIPSLCEQVGLGFNVTLDSEP,1,0.9428192,0.9428192
K2S4R5,MLGVTVGGVVVSTGRGRDGGAVVVEGKTVGPGGSVTLSGGRIVEVHTATGGAIQVIVAGSTATLPRQGAVTSNGGVIVGDKTLTPGETVTLGNGDVLAVQTRSSGVTEVVVGGSTSVLPSQRSRLGGLIWSGLGASGVSATTRRPTSTETSSSGSTGSSQDGQGAGGAADGTNATSTSAGEAEQPHQGRTVWLMLVTTVVLMVEMG,1,0.69166595,0.69166595
K2S4R7,DKHNTCACNIIDNYNWRMTTKACDRYNEKGHPGGKVKYDTPSGMCMGDGEGNYVMGKEWEAACREAGDSGFACADGVGTCFQEDDSKVRGTCPGASWD,1,0.9387829,0.9387829
K2S4S0,MSVDTKMTTKRPFFDLSVCTPAAGAEPPDGIKCNTCDCYGCKSSASCNATHAQTSQYVSDWFDGLRSQSWRWALANRVGMVSSKREDTLDAQEGSSRSLPEEQEVVCSIARAAQGPDPRRYMKRAKPAASQIHPQLIRAVLVCGPIPASGVSTAQNLLRAWELIVAWALVGPLLARDARGDILRMSRLCEAIVIRAGGPGVDAGPF,0,0.95125306,0.048746914
K2S4X8,ASLQPRATEAIQNRMLYAYGAQPDSGIGGVRLTYGDGTAFVGNRPPSNVSVASNITFSWDSSSQPIAISPNSTDANFTSAYLYINPTDDAFDSVQLSSTAPSENYTDTGFVFYGNWLFWKSDSGALQSKFYATPSGEDGVWTLKWNSADSDDGSSVPISLRSIAPANNS,1,0.8574915,0.8574915
K2S561,MPGGGGKSTSKGGYGGGSPPPETICTTKYQTDYITSSSAYVVTGTKTIPVVITTHGSKVYTATTEVPYTYTTTVTYTKPYTKPVTKTETKTKVITTTYTTVYTTSEVGVTTKTEQSVGTGKTTKTTVITKPTEGVTTSYSQSLCPTTSYKPFTTSVVKSKSECQTKTKGYGGY,0,0.74597734,0.2540226
K2S572,MGCLRLWSRLHRLSALLYVCTGPLTWPNRITITGSHGHQIFTCSAANARRRFMSSFPHAFMTSASRTLPWNPELQLHQRRRPCSRPTIKLLRVIVLSTSACGSFRRPRCDRPGRLKSSAPGDEVDIPSVRMVVSHTRNAMMALTISYDKGGAGWDYGYETRVRAERRG,0,0.9735649,0.026435133
K2S573,MSLNHVGIAAPPAKYDAVVVFYPSALGLLNYTAILSLPEYIEKGSAETKVADFWTGKKDTAVARQESQTTCPAKGEYPVHFGYSHHLGSFFFLCSYLHGAIL,0,0.94643366,0.053566277
K2S583,MAFQWTCWPCSGRRAFEPCSAGASALCLDPTVLFDFFPFWQLPVCFELFCLLAPLFFFGFFLAKESALEGQLRFFPFDESFSSSSPSADSSPSDASSVPSSSSADPSSSTSSLSFSCSPLPAAFSPPLSLPWISPFTWARRSGLVYLSLEGILSIDGVDRSWLRNDCGKYKR,0,0.9565183,0.04348167
K2S5J9,MSIFDVLCGLSSLAISAPGKPDWHAFGTGEALLESIRVALETKLPRGLHTITLSPINATGLLHFRWRGAAFQETIWTAQSFWSRIAILHLDLLNPLPYYQNSNKKDFIKTLHDYLGSFNRSLKGLRFSWIGEAGPNPLLLDLRYGGHNFSAPMIVWCALSDVFLRNVMAHDGDLVALRQTRVPHLLHYELEDEEVVEHGVLVWNNEGVEETIPRGDSLLEGFGSHSL,0,0.9808851,0.019114833
K2S5S7,MGPHQRQELGDSIHGMDRHIVLLTILVLLVAVMIAGSDDFPILLRMLQSAFEAIGGEEGLGRGVFAEFMIRQIHRSVDRLGGKQKAYEYLGCASTPPPSSAKKTASRLSPRWSRRHKACLTARSSALTPPLPSRSSRVSCSRPTISTCGKRCGGHHHVHPSHIRHPQRLARRRNPQPFSSSDSRRR,0,0.9284234,0.07157655
K2S5V5,MSYSPLVIQHTHWNAAAAPQSLVKFYTSKVPSQGEWTFIGGGCSGSDCFSSIGNSHQTCATTTWSGQAGLDYSIIKDILKITGSASHESSKSECITSTWTTQCRWTDGKCHNLWFSDSQIMYKGYIRRRCNYGDGDKTVWAKSYDAYVPTGNSLVGCDALCSDDAYPEPVP,0,0.9448797,0.055120323
K2S5X8,LNYAVPAGSSIQLCDSKQLPVVDAPFLFSALKYHNLSIPELPSFNGSCLPEAFVSECTDKLAQAGRLLPAVQDIASSFERRHAAGGSKALAVRARTGPFNVDGEIVKAENEAKSKWL,1,0.820387,0.820387
K2S604,MLLSQQTYMAMHLSGAVARSGFILNIYPGTLSHMRTAAISHIISPVFCACASWHQTAEHRFSATFGAPDWLPRTLPQVPNRALFTTKIGNPSTSSTTQTAHQHTYVVLASVSFDQPESLPPRQWTRASFISQDPPQRGIIAFGGLSECKDAQKCLR,0,0.9775214,0.022478608
K2S614,MPAPSAEKPALEGIPVGAADGIYLGSLKADGSTQWDFIGPDSSTTPSSGLLVDDDSDSPVLAKRDGVTCSGFGVNADDANRAQGKLADMCGGGYYFNSRSIAQVSGGAVAYACNYGNGQTCHSGDVWSFFAQVNSKCGFTNGASAGAGWYSVNSWKAAYGRTTTGSGFC,1,0.86728644,0.86728644
K2S624,MCFLSAAFRICLLRLGARFEGLLAQHNDQGAAAVCNELRDTTSASPSPPDSCARAVTSWGNVIAQRDWPCASDVTASLDTWPIAFVALTAAPLHEHAVGQMKCHPTTGHDYGLSPVATRREQAASRERSQLSPISEAITPTVALFGSEKTKNRGDPGSLSAAC,0,0.97801876,0.021981241
K2S646,MHIPPTNPVFALWPISFPLIQVLHSSSVTQLADWTLQQRLTRYRFSAGTIGGGHRCYEEATESGASSLLSVLLSPSLKEMDTRVRIRGSPSTLIINDAAGRGVRVRLRPLPRVVGRNSRGRFTSWQRAQMTELRLWLQVNHAYQLQNFEGQCLQALFLPYTS,0,0.9771089,0.022891033
K2S6S2,ARDVICEKPSQCLRILSLNTSMDSANQINFRFALQYGHDTFNESTSCSASWQAGSNGWPANYINCDNEDYRWSFSKFDSLTEWHMEATHEFVDDGYGGRYYANGTACSADFDCEGPNDTECSLRAWHVINLLFYAAVL,1,0.7384599,0.7384599
K2S6V5,KVPAVEQAQIENFYYKIFPTGAYVNYCDDNRVYFRLDKDTANIYVRVQIDGRTL,1,0.97247326,0.97247326
K2S6W1,AAILDKKAPVIEIEKREPAEAAPAYVWASAGKEKREAAEAAPAYVWASAGKEKREEAAPAYVWASAGKEKREEAAPAYVWASAGKEKREADPAEAAPAYVWASAGKEKREAEAAEAAPAYVWASAGKEKREEAAPAYVWASAGKEKREAEEAAPAYVWASAGKEKREEAAPAYVWASAGKEKREAEEAAPAYVWASAGKNKQ,1,0.8925983,0.8925983
K2S6Z4,MGISYSKARYLAPAAFLYDFAAQQYGLLSSPNMKDIHNANLSFFSPQPYFIALFFFPQQIAQLVWLWKLWTKAAAERDLQDMVGYVPIYALGNICIGTWMFFWNASDLRTSNVFVIINTVAQLAYVSTRLPALRTSSTASVLTHAVAKTFAGIGVLDLLHNTSAAYHPGELNPGIAVKVLTGVGFGIAGALSDWIFGGCLVYDLVALAVGQNAYGGSGNGWARLLGAPRYEAGLGEYVRVQEEVDESV,0,0.9740096,0.025990345
K2S703,DNTSNDLVRRSNSCTNTFYVLAAKWDVYLDNDAAYNKQCGGGCLDNIRGRCGVVTDWGCERNGGTAHMHFSTVSGCTNYDMTQALKACTRGEQTINCSTNK,1,0.79532045,0.79532045
K2S707,MPFEFYLTKALLSAPVFCGSPALVCLVRFSCFQTVRALVRILGNQHFNGNLSAHPDFLQPALEGDVSRLHWKLLERDISTVSVRDVPERMYGGMFGLRRPKGARDAVRSAVGRRSSGPWLVEKLPLIPALLDAFECAALASPTFLRHIACIALAHGA,0,0.97812235,0.021877622
K2S727,APAPQLDADTFGPYKYTPNNYPYNNPNNFQCQNPQFFTVENGWRRIFQGSGGLDADGQEQGRALLLQALQSPQNPYNNLWWGVTDEQLKQVLRNQGNWQQPAQNDPSWLARLACNGPNAAPVNLYGNNWQPWKRDADPAPEAAE,1,0.95908433,0.95908433
K2S7A2,LKEAVGNAGGERSDTSLYLCDGAALEGFCVYYSGPSGECNAITDKFPPNKSGVASAVTGADSACKLFSAEECSGNEIDVDSAGIQNLASVDWAKESRSYRCEPN,1,0.95089096,0.95089096
K2S7D9,SVSAQEYDISTLKTHFMGKNSGLGDGSWPPGSEFNSTIELVVNYPGDDDATASTTCTGTWVNGSHPTDWNACDDAAVAWKFAKFTTEAKFTLEIGRSTGAQSSSTGSVDVTSNNLADDNSWLTCLAGPPLQGLKCNLDGALSKQKAPIPVGVISGPAISL,1,0.7181659,0.7181659
K2S7K6,MGYLHTGTYVTAHIFLFGAAAHTILMLKKGTLQQSTKPLVHGIPHIFIKLCFFGFTAATIGAALALEETVQVNNLTVPDDNGLEVAAFKPRPANVDCSSTSAADLAADTSVTCGTTNYRSELRDGSNGNYLLRIHK,0,0.9773325,0.022667533
K2S7T3,VDLKHYEAGTGVEAGFASFLKELYAQTEDPASTDTFTDFFPTDGVLIVHGTTATGAAEIVKLKQQLLPTAGNKHWSHFPNTTTVASETADQKVYNVNGVIQSTFDGGNCSQAYYQTHFTVKKSAGAPLLTPHSGSLLVYDDYVVTPSVSPTDIACDQ,1,0.8517104,0.8517104
K2S858,MPTYANLGQFIRLLLNKLSLHSFQQHICKGVRESSSDQPDICADPDKSDSVDSGEITWPDADWSLESIGNYDSCEYKGSADGPGILTCDNLDDIQCEGVTHSEEKCGTDYAYSIWYSTLWLQRLWGNTLGDD,0,0.97773576,0.0222643
K2S8D7,LRLDEPRVRFPADASLLASMLLPPSCSCAMWFPFYRVKNGQVQASSLASQGNAKWVPNIFRLGANYRDALYRLVECLSY,1,0.85439056,0.85439056
K2S8U3,ATWYFLRYYTASSSQKFTGLTGEMVVPRLPKAGTYYLWPGLQPTDGSGVYQNVLDGNSGTWWFGSGWCCSNPSLPWGGGFNTYAGETVKFENVLSGNTWTTTTTHESTGTEKTDTFALSSKSFNQVLFAIELTGVSWDFGPLEFKNVVITATGTDSSWCDNSPENYNSATKYSISGVSASVSGNTVTCKISSIILQSPA,1,0.6857159,0.6857159
K2S8Y5,MGSALAPPMVGATASPPVSACQRSPWEHFSHGEGNEGYLSPPDHSKPSFSRRSSISSLGLDNDFNSISLQFSPFEDEPPSPSVFSDSFRPQSRGSQNSATPHATTPIGTITPKMPTKFEAETLSDIFFDKVPEGQRPIDHRFYQTCLDLVYDLSGEHLQSQDPSLVEILITPYSLRMARFYVFMTMAIGMRLRSGGRLTDNTLLDNCYHLAMQQTESPSFWAEVGGVEGASLLTLFAKSGDLQALDKMDH,0,0.9705993,0.029400725
K2S936,MEGFMASIYSACILDAGWGDASTIRWMLPCSESVVSRDDDSEGPPAKLDWIYGALTRDYGLSGVQDCWKADGFELEAALVLWLRSAALKSDILDQRMGKDLPCSCVVLFPDDPVSGLGTPS,0,0.95075333,0.049246665
K2S9A4,TPPACLLDVIGAQPDPSDIETICNKKSIPSDISSKCDAQKSAAMSAYASVCKDAGVTVATSLSASASATKSSSASASASATGSSTASGSSVSTPGASAGSSSSSSSASSTAGAASSTPAPSNDGQRKLVGLVSLGAFAFGAATILFL,0,0.77986175,0.22013819
K2S9E0,RVIQTTLSDGRPQCTVHASGNQTDDVPTILSAFDACGRGGDIVFPEGEDYYIATRLNPVVNDVRIHWHGQWTFSPDITYWRANSYPIAFQNHAAGFILTGDDIWIDGYGTGGIFGNGAQRLIPRVWGEAQNRD,1,0.5759795,0.5759795
K2S9J0,ADQSVLSFAFPGDGYYTQVPTSGISGSLIGVEGGRTTLAYTCPEAATALDDYESKVGVLCPLGTNAPQTVTYGDDFYGVSTSTVVNAITAAFVEDCEITATPASGGAASATASPTCTFSFGGEYADELVAVLTCADPSVIGTDAEDPNTASYLSCISSATATPTDVMTTTWSPDNVWYWSVTVTATASGVSIPAETGAAASSTGGSTGAASVHAVSRVAVAGVVGLAAVILAL,1,0.5422175,0.5422175
K2S9M0,RHPGSTVSLWPTYQGSSHVVELCGNSPEEAQALGCVWDLMSFGWIHPRCFKPDESQMWLEKYGPWKWYYDLNATAEIAPEDLTTTRRVYTEQGYHVVHCLYIFKLLHMAGMSGHIVTDEAIPLAHTQHCVDMISAPKYTDFKHVNTRVDMLFARCVTLN,1,0.8489291,0.8489291
K2S9N4,IPGTGPNGEFGHLAPRTNLDAADPFPLASDPLLKRGIQKRDIRDVKRSCFGENAKLKFIVQGILITTEMVNNVLQYSIGVGAEGTYLATVLFDFGHGTYERAIGDKGKFDFAQGAMSIHPGKKG,1,0.8743845,0.8743845
K2S9N8,MKSPVRAGTLASTFAVLIVICVIIRHSEYLRDRLDHIDEAKDGITGSWRGHLGIGGSKPSIDPKYLGFGTPSLVPTHNRTLSFSSPTSEPTYQQGSDETAKPGEERVAEETTSDVKEKQPPASGPDAESEEPAALEKEELKTDTEISAEDQLIRTGPDKIVVMGKTAEEDTTWVSEHLKE,0,0.97852033,0.021479735
K2S9S5,MLALAASAVAMPTGSAPNEKRATPKIYLAGDSTMAKSGGGSGTEGRWLPYLDRQRPQRLPRHRLRDVYHSRRQDRPDLRHIRYQRGQGPHSQGRQGHRVVANAQQPVGDGLIRRLAPALRQLRRDLGQEHWFRRHLRQPLRLRPGHLQEFGKHQGQRLLPQRPHPHQPRGCRYRFQGFREGRLVRPERSGDVREELD,0,0.92646265,0.07353735
K2S9U8,QSSDESWINNYKFGNMFYSGPTSGGAYITKATYSMTPPAIPCGYATNANPQEELALWIGAQEDPTGKDVLKLSFVQPLLNWAPDQQMT,1,0.92537004,0.92537004
K2S9V8,MLRHTSMFIDGGVQLFRSNQTRWLGFSKYIYEIDMSTSWDLNTNYTESRIGRYANTSQAANPPNMLRGALYAAELESNRLFTFGGSTFLANDSDPAWQPPSQDPTSLWSYDTEIRNWESYNITDAVPWRPNWGLVTEDMSHDIGFFLNGQFDRGSSYGLYTSVEYEGGNVTNASFSEITYLSGMVMIDLHTQETKNVSTASLGAPRVAGGMVHAPGFGKTANGTLVAFGGMTSSGQDVDTFTNGAL,0,0.95945466,0.04054532
K2SA33,VSPGAKTGTSINPAQVLSRRAIPPNQRCNLSQHWDGRYCDGSVSPRSWFDECTDGDGDIYFRYSECPPNTVCMETEDNDGHDNIHCIERPGSQSESSSDRQSGVYRVSAGASGQRIISVPLAQPINGATVAAHLEGTGQNFVAAANRALVGTLRGTTTEPCEYNASHRECEPVGLHNFRRGAVIDFTFGVTDGQEFDLIYAILGRNPS,1,0.7928357,0.7928357
K2SA78,QDNNATPTSVDQNSIASVLLTALPGSLLSVALTNQAAVSSIIASEVAAGTPQPWISALPSDVQAYLSAAAAAGASVTAAPSATPTGNVTSAASSIVSSVASGNASANATSSGSSASSTSSSDESSTTGSSESTASRSGSSATASSTGGAALPTAIGAGLAGIVGIVGMLAL,0,0.9071895,0.092810534
K2SAE7,KMVQPVPFGADTLTNAPLQADGSDYPCKVRTGVYDMGKMNNMVVGDPQTLGFDGFAAVHEGGSCQISISLDKNPTANSVFKVIHSIEGGCPGVTKPEVFQFKVPMGFPNGEFALAWTWFNKASLLSSLFFEDTRLT,1,0.88184816,0.88184816
K2SAI1,APAQLPTHKASKGSVVHLSGSRIQSRSPFELSDISKSFESIGTFLVGGKTEETTTKEVDDDDDDKDDDKDDDKDDDKDDDKDDDEKENSNDKRAPFDFSDIGKTINDAGLFVTGQSNKIEKENDNDKRAPVDLDKIQKRSPLTWDEFTAPFNKVGAWMTGQKSSDSD,0,0.59499013,0.4050098
K2SAJ0,QSASDITYEWFPATGISCPNDGATAELISVTEDLKQFAFKARNKAPQDKSAANMASGPCGELSGVPYIAVSVLRSLRICAMVTDQEQTEAWQENGEIAGTLYFAYDQGKKTIYYCNALGAYSNNGSGYPDGCSEV,1,0.9433061,0.9433061
K2SAT6,TGKLGDAAVITNNPAGAVYAATLPNREDTPVRGSIVASSVGGGTGVQFQISISGLPEGEGPFPYHIHDQPVPANGNCTATLAHLDPYERGEDPVCDASQPQTCQVGDNSGKHGKLEAPATSQTYVTVSRLP,1,0.8362701,0.8362701
K2SAU2,CEDTPSLLTNQSTATRTASCDCYYSSSISTAWGALGKVNWCSYVCTNQSQTRQPEPRSSAKSSGMLRGTDINVCQGGRRGCARCIDRREGNERGLRRWNGPFTLSSAGAPLPRV,0,0.69197303,0.30802694
K2SB08,APPPQLPPAPQTINFIGDVSPDDNFDRAQLATEIGTNAQGQREFLQDGMLPIDCGSGDQPESCAFVP,1,0.9415592,0.9415592
K2SB96,MPTATTVFSVFAGIVAVLSVYVYFFGIPPAVKRELEEKALKTMGENKASYLVKDQINKVPASDQQEIKDIKKGVGNLAGGSLNNPLGKFAGDSADDATRPLTGR,0,0.97749054,0.02250941
K2SBB0,MTQVLLLASIAAIVPNDTACFFPMPPNVQARALATSQCNPGGLATRILLCQSSALRSAQEREEEHGHGRIEASHVYLPLNLAPASGGKRKKANRASKLHLHTLSRCRAPPPSISLFEPFRSIIEYHSTRVQAFISIFAAPIPFRQRAAA,0,0.9796092,0.02039085
K2SBD9,CAFGDEPQKSVLISAESPGIIDHVTQWIEDKVRRGLNAKVLTTDIRVQEGVVLHRYNLINAVLAKAPGNLFEEAKNTFTTNNWGTLVVEEDQEVHAWGDGN,1,0.94406515,0.94406515
K2SBI4,AEDTFKLVASKPGSSINGKYLNVNDGFFYIGKETNSTCGNVAPVFQGGNEGWLAFYADGTQNQQQVFVDISGASDGLLAFTGPFVEMANLDHVTDQFNRTADGKLEYAGAAWLACPQTTGEYMVYPEKAYSKPVGKDKCTEFEVTTKKVRTPKIVCVYQ,1,0.94954777,0.94954777
K2SBM1,EMTLDNRYLARRALKKGLGTRYGDNCTEEDCWQDGACAFVDYTLPDGIDGSTCVSEEIWDSAANCGGCISVTYKGKTITVMVTNKTGGDANHLDMTPATWSKLTNGLTAGGVDGIEWDWVTCPIAQTEPLWIKMHGGASQYWVSATVENARRRTAKLEVSADEGQTWKETTRNTNNFFEMDGTLSTDTAWMRVTSHTGTQVVVKGVTLKSGVVTKAAANYA,1,0.87229556,0.87229556
K2SBN8,DSHGACACQSGSDRGLVEAATNSCCTLFQGSTASFLEGGKIKYQGIYCLKDGIDGDSWYNCCRNQQSGKGDSACPW,1,0.87174594,0.87174594
K2SBV3,TGCQNCLGLNKEELGSLCKSEIADFLGQDARVLNVAQANCENFFVDYSCCYPAKRCPSDSTCLNPTTIAKRSVYQDDDPGIFGAGSTANSLEPRDGKAVCCDFATGFYETHKVQNNVATFEEKKKAMLTFGGKAVHHITSNGSAVLTILSGLGYRGGMQPFLWNRTRMPGQFTPATYRV,1,0.90528303,0.90528303
K2SBW1,DDGRTFSIWADFSRCDRADNLTLEIRPYSPSSAELVPANLQTTGEHLAFLTGPWKGSITLLEPDRMGPYRQQYLDLQLWAPDAPSRDGYFGNATFVPGAQVRPWRLVQWGGEEAKLDPQGGRQATGVLDGVAGTVLTKKSGALLWLEWCTDVDAPAQGA,1,0.8480153,0.8480153
K2SBX7,MFQARSKLPLEGSAKFIMAPKCRFGLGRVLTVLVLPAIAAAAPNVTVAAGCQEANSAPVCTTQPLITSRSGTRSKQRSFPPAASSRPAPKMSLRSYIPWSKHPAVLQSGLAAILASAMTRTLMAASPSTCARSALQTSQPIALGFDLVPAILWSPPTRPWSLTI,0,0.9703095,0.029690448
K2SC24,MTSTIVSFPWAGREGAPDFVPTTGISGTILGVQSSRTTLVYTCPSAAQSQEDYDNGAVGALCPVANNTPQTVTYAPDFLGVPFTVTYGHQYEPARTTFDEEKMAYGQFACQITAAPVPSGTAGAASAAADPICTWDITSMAEELTPADIMPDLRCFEEDIVGPASNVFYQQWNTASLSSCFSSMSATPTTKATVTRHSTNVRYWTVTVTGAAAEVTLQPTNAKSAAVSCRWNVWTLSLIGLAMFLTL,0,0.9336956,0.06630444
K2SCC1,MSGVGIFFLVLFLFLLIGGGAWIAYTRIRAQRLGLPPPSLNPFARGSRSSVGASGSAALPSPAPGGIVGWVNDKIASLKHGRNKNTRYAAGAYEESGATSTRGAARARGTLDPDEAWDARVGNEADYGYGYEEEQELGLREPTPYGGSAGMYAAPPHSAGLSAAAGSERGRSRTRELDERYDEEMGRTGGAATRENPFGDDAERSNLRGVSPRPVDSHERGNGANSPTDSRRSIFREDV,0,0.9216986,0.078301415
K2SCG1,DSILNNNLFTRNTNNNNQCQRSESTPQPSALQPIIVRSLLVSGNAESYAISFSLQNENTGAISSCRGTLSEETDEQWMNCDRADLGATVKSSYDTDEKSWKGGVQIVTMTVFWLHVQGCEPSVCVNPNIRYYAIASGNLVTPCSETGDPGNPGQEGDNLTCQAQNDYTLRIKQFCEGDQPPMLDSQKDGWGSGSR,1,0.9634154,0.9634154
K2SCN6,MLFLLACRCIAILPKDPNIDKNEIGAKQANGRARGRASRGSHFQHHALQRFVPRHFHFAGTFNSPTFHTHCLLLPPSFFFFFSSFRANAVVSFTSRLKAEQRALRSRRWCCARGLRNLEHAYLTHTKSLFPPLTSFSFCQRLPQESIYQHFCKHRVFLLLQ,0,0.9723102,0.02768979
K2SCZ7,MSSPRFWSQPVRYLRWASHEKPAIFFSILVGLAGPAAIVVVPPFRRLIGDEPGRPAIPLTYPIPKGPRQIPQGYDD,0,0.97111964,0.028880347
K2SDC9,MTDATKRNLILILPLIPPPVHALPTMNISSLHGILPLRRFVVIITADNTFYPNHSRPQHHLFPLLLRQCDDIFIKSLDSRRGTAQYECDHSTAAAPRHPRDSYVHDHDPRPPARLRPRSVELELFSRLVR,0,0.9694456,0.030554345
K2SDH3,MKILKIIVAFTVTLSLAAFIATWVIGKRNEAANAGFTAPATGFGLEKAPLFSHTASDIGFTEDSATREPGVVTVTVVVSPLITTFLTILTNATRLNHTVTSGALANATALPPLRPIEVNASSTVDAKKSNPRRAELTEP,0,0.98059386,0.019406132
K2SDL8,KLFDDDYLDALCNEPGQPCHKIKRAAEAAALALANPAPCTGPADACTLAKRDTDEFLAALSDIYTNYTSQEVEHGKFHTPSNTDIQRELR,1,0.809521,0.809521
K2SDL9,MGITTWAGIIAGASIGVALLAAGVFALVVKRRRSLSTKAERQALNAQARKEDDRRVWEEDDWHEEGEWGMGSRHGDVEKGGLVVKVEDYRGRKN,0,0.9031924,0.09680756
K2SDM5,MPCLIHSSSDFTVASNSGYLVCATCLQQSEEECRDTQYQSVYGSQPVPTDGKTQQGEQEDASDETEQGTEGELVEACKSSHDNSSTNANGFNTPSSSSGTFEADYKFSHQTLSFSNDATGSWDDSENEAASLKSHPYSVIQFLANEGTDGPWSTYNLRTGQAPEAADDSEFWDNEPPHTGRFSRT,0,0.9709188,0.029081201
K2SDR9,MLWAICNTPRHQPHGDILSKIISSSFAALVSCEITDPSWRALLLQYEGHLIITKAWSNDHPEGKNFNGVDGAYIRTRGSAPHALPHSLQARPPRAAQAVSMAGTTPASLSS,0,0.95310664,0.046893332
K2SE83,QESAAEQAAGCGHLPRYPQKDPLLGLDLILAQIKAVRTHRFLEWLEQLYWSAPNGAKTFSVSVMGSRQIYTIDPTNIKALLSGQWSQFLIAPLRRTPAILPFADQGISLADGKEWEEAQALSKSFFFRDNYANTERLKPFTDTFLELLPKDGATFDIYPLVQRW,0,0.8093933,0.19060667
K2SEA8,CRPEQDCCWKDVYACYRQHSIFNRSKCDSNKYAAQMCERNNVSAAQCSADCCSISKKIGIACP,1,0.9697703,0.9697703
K2SEH5,QYFSGVATQPGSPIDNARISASNSSLWLHHAQDAFCGQEGQDFATFYLDGDAAYLYRASAPPEQLFVDLSGMGHGQVGYTFGAPSLRRATRSATASRSTRRAGWRSNALDGGRAPRGSGTAATGFG,1,0.91984236,0.91984236
K2SEI6,LPSGPVATTPTPTLLVQGLTWNVTDGNLAVSFNIQDSVEDQPTHCESSSTNIHEKFVCDANKNIEFQFDASELFDFTWFEVFWTFPAGVLTNDGKAYLADGVNSLPDPKCTQGCVVQELSMQGRTTVVSN,1,0.90595865,0.90595865
K2SEK2,AAVPDSNAEVKPIVREEHLLEARASVPEEVIGQILDFEIEATIKAITSIVKAPERESAFTHRTPSNIVTNFWNRGYIVAAFCTKFLANCQNCHWKEYSVGGSGGDQ,1,0.80643564,0.80643564
K2SEK6,AALQPRATTYKITVDTTVCNDELNAKVKPAITGTGAHAGTDFTDPTALDGLGWSEIRPGDKIFWQFEVPADYTGHVWLYDTTKAVPKDGLSVYGLDIEVYNSPTNDKPNKATLKALGDAYENQQPAPLKTAWFASQLWGQITDSVNSYSGGFVGSTVVGDGISLGYC,0,0.50478524,0.49521476
K2SEL9,MTNANNHMCNAHRTILISLMPLITRSRNTIKNSTTHPTYTLSHSISTQRTIRQPEYIPMDNTHQKPSRLPYVAAGAAGGAVIGGAAVAGMQGRDSDDGDDDYAGNNVDGNPGDRYSGDTNYGDGGNGHAYGGNGNNNSGDTNGDENGGQDGCCSDCDCDCDCNCCCGNDPNNPNGSCCVVM,0,0.97107905,0.028921006
K2SF66,DYHNLCACTSGKNLALHDYSTEQCCKNWNSVAQTYAIAPKIDYPGQYCGQNKISGDKWTACCKSFGGSNGYCPW,1,0.9023184,0.9023184
K2SFF9,MLALVNLSTAAAIKPRADSFKLYAYGENITHGLDVFLADGIAYAGSQTPSNASSISNITLSTADSKSGTWMVTTDAGDTFNWGVANSGNTLETVGVANASSSMNTTGFGLYGAWAYRLSDAGEIEMNYRAVPTGVDDLYIIKWAPSATVDDSALLINLRTASPVPITDKNKNKQ,0,0.9634229,0.036577106
K2SFJ4,RRQMPLDDDDKPKACWRVCFAEKPQCPTEWDPTLFGECWTCCRTFDSLLPAAAKNVIWM,1,0.9591726,0.9591726
K2SFK3,MADTATTITALTATLVALALCRAIYHAFLHPLSAIPGPKLAAISRLWLFWADMSGHAHATIRHWHATHGPLIRIAPNELSVHSIDAYTTALYCQNTKFAKAPYFYVAFDNPAGSVFSELDKHAHAAEKRLMAHAFSRSNILGLQRRVLYPNVERWIDKIRQCVARGENVPVWLAAQCLALETAACFSYGSGDGAFEAEGFAHELLDSFDAFSKIVTVFMHLPPVRSVALWVQRLSGSAVARVNQ,0,0.9747269,0.025273126
K2SFP0,MLAGLSFPSISIRGNCELCHLDQETPAHLCFMLRSSHLLLPATPPSTHEMTSCKNTDGVETPPNICWTPGVVRQLRIFRSTTSQVPQFSEFILLFCLPLLLPSFGHFFGERGRDFLRLTGNTRQYLLRNSVSVFTHSFAPFFGLRLHPEQPPTLFGQRSVCPAPLSATREEGTPASNHQEHAIYHAGGLSRTIRLILRQASIVFGGILE,0,0.9523744,0.0476256
K2SG79,ANQQVSGSEVTGTTCTDESAKLDTHETNVAILSICGGIAGSIQKCGGSPTSTVGENGGSRFDLAATDSGATINISKGRWERCVKAAQLTCPTGTFESTCVGGATTGNVKFSLSQA,1,0.93907166,0.93907166
K2SGM2,MRSPGVGPLGGVIVALLKARAGSSSRRFAQLEEAGSGSEHEWRGQACSGDGRVQPVQRRLDISFEDLLALFYEENLTETRGALEFDGLFGIKWSVGPGEEGLNGAEDERERRQLKRGQTERLKIHRARDCAENQQVCTILGALAKLSALVYPIFLPSLL,0,0.9358203,0.06417966
K2SGX5,MSCHLMPQILHCSRNLHFLIMQLPVCAYFILLALSAASFVVHQSDDLNDDIGGFRNYTGKFRAFGIPTRLSCDDQKVKVDGHCLEEATKRNIDIDPVAPRTRDYDILEHSPICKSMDFPLHQVCKDTRLLPTRKRCRGLREENHHREVFFATRVCKSTLGGTSRPKLLIIARTQILKTIAQRFSQIRIAIGSRFDPKY,0,0.97059995,0.0294001
K2SHC1,MMAPLAAFTMAGLLFLYTRTSIRAAKLNAQKHREADGGQISWKNESRRRHGQADQVSETSLLREALFSKDEIQSSRQAHASAAAKSADEEALEKAKLERRG,0,0.9769273,0.023072684
K2SHJ6,AAIDKAAIAKQGVAEKRDAAPAPAEPEYVWGGQKDKREAAEPEYVWGGQKDKRAEPEYVWGGQKDKRDAAPAEPEYVWGGQKDKRAEPEYVWGGQKDKREA,1,0.87965965,0.87965965
K2SHU3,MVLRLRHPLNMAAQTATTEALFGVPSSDSIDQAFMVLPSDSGLVDWIAEDADKQAEDVFKQWAETLESASNQNNNCPSFKMLATHFYTAIFAILTATAAAKRYNSCTCHNGDSYNWRITSKACELHTQWYPGRGEATYDSASGRCKVNDMSSGFFTGDQWEAVCQEIGKTGFLCASGSGTCFQPEASEVQGWCKNE,0,0.97675484,0.02324515
K2SI20,MAVPHVAVSLTLLRSCDSDSRDLLGSSSANDAKTSPRVTTEASADVSKTEEADSPGCPGSCPAFVDGPSRSLLDEESNFSASTALSLCPARNPAGRSEIRRQKTGSAVVPSSRAKIIILFVSAPCAFAILYIEPFGGIQSLTTLLSASRFPYNGTNDIPLFRSPCTFTLPPFPSYSNSSSGMLIM,0,0.9561259,0.043874126
K2SIH7,TLDPASSNSKGKYPKSPGCSPAKTSKAIQAAECSHNTRVSGTQTFAIFKTDHQYDSSHGAPYGTCEAYTCTAPTDGELTTGEDYWTFFWNDNGESSGVGTGCIKSPDDGTCGCENSDGEFIYGGTNCS,1,0.7968866,0.7968866
K2SIZ1,MLAAAVGSFQQAAGRSCAKVEYKYPLDPTESGGCHAPVGPGDTTFGTEPDACHGDMNICNGPDHISKFLSPPCSFVSYLPRLSFVLSFFWEVLYEVQDWLTSIWQGVELAGSDGPYTNHMNVRVSFEIGDGKHSAFNEFICEMVIEGLAMTVNALAPELAAVDWISADELQEIVLHTVNGPFALAARAPVIFFFQFFFGKAGIRVTYTCIL,0,0.95669556,0.043304414
K2SIZ8,NLPASQLVDSIKGLTGQLNSLHDTCQSAQQGGFFGGTQGYSTIQYSFTQIVSDCQNTYTFIQTAQGEQSYYTEQESWEISTAWDDCLKAQQDVLVILKGGQDIFSAIVSIILGAIQDIQNIFDQITTGLADICPPKKQDIIEYWQPVQITFSDCISEFQGWSVPQDNSWSVPNGKNWWDVDLTDKGKDFKGGWKRAFVA,1,0.5347078,0.5347078
K2SJ30,CDGYLHCHCYDANGQPNDAATSTVCGRYSASNAQMIAANAWSDGARECKYVGPEGEYRGVGKSRSYHYYGFENCDWRVMCQAAGATGKDSSCRDKPPVGGKSSGAGNLYAPHN,1,0.9031833,0.9031833
K2SJD9,SVDVAAGTNEILEVAARGTELVAVNARSNENAFAAEAVAELDKRQLVAGAIIVVEWITELGGGATISASFEWIAGEVGIAARTVGAAVSNLVVEAGSTVSFDALLNSSGLTVASRVVAAFRDGRVTATLLSATQAGTSHSIAEFIDTTAVLLAPR,1,0.84141856,0.84141856
K2SJK4,NVSLDDIADLQNINGDVNGVSDNLIIALFNGINTNVIIQQNEQQVVLALINFMSSSDRDNRDVYNELFNNLVIVVDSSVQVRQSNQRLAEVIGINEDAINGLSVVADAQNQEVVLVQSLTGDADNDLPILNQLLDAFSGGAQQNQLNQQIVLLG,1,0.69837,0.69837
K2SJM2,MYRHFFLTLHFVCLRHAPAQPPRLAPFILMTRPCGSSRLRKSCLTYAEPTKKKKKGPGKTISKTAVTRPTSMPLTSVVAETQRAFDQEDKKTRIAAHSALTCCLARVATSVFTQKDGLSHKMTAGKSNINRPIGKESSISLTIDHKK,0,0.97435033,0.025649678
K2SJT5,MSYFSACSSISCFLILRIAGDCNITAATLLNHSRLAQTNTLPWGARASWVVYSRILHYTHSCHGSYLLTTKTSSSFTTYHERLLPRMYKLDTYTPRGEHNRRGCDDERRRDGRNFFFLQTKRWKGDGQYSLLMWWIFLVSFSSSVTYLLLLLFGPCWLWTGQERYLVV,0,0.9783212,0.021678854
K2SKV2,APFPNTTTTITATEKRQLGKALQDVTDAIPGVGGGDSIGSLRKALGDLVNAIPGIKEKRADATDYGFSDLDRRELDKALAEFRRAIAASTDAKKDGLAV,1,0.59360707,0.59360707
K2SLW4,GGNPLNHAEPFDPTNSLKPGIYAPPGGFDGVANYDELVKALVDSVLLLIGGHHLSVDENITIPPNNFTRSLSGTQISLDSEASPTRHDAYDPRAYSGSSSIEMKWNFFKQLYEKQAGIPRDAVNFALDVLAQNMLELVVVSIKNNPNFFLSPTHIAFGPSTAHMCIPNLFANHSTEHWLTSLLNREGGSRHSFHAQTMTLCSLQLRLSPI,1,0.87236667,0.87236667
K2SLZ4,MIKPGNFTFLLSRVSVSATSACFWFLARPVDVGIVCVCVRVRSPHRVHHHFAHLPVLAVQSENTQTPDEEVAAHPSGLFRGMPVRGFCYYASVRLRRPRLAYSLPIVEWHEYWLFACRRGPSLSFFSISFFQRKKNAFFFLINFLMFSQIDGVCIVEVFVNKEKERERESV,0,0.9776294,0.022370521
K2SMH5,MDVHDASFAVMRQNGYAGYAPVSPILPALGQGIGQLLLKEKTDGPFNSEKLLGGYYWSLAGCRYWVAAFQWLEHRVLYSIQEEQSRIRARFSATTLRILDVASWKGAYDHLDREQWLGRDSSWFTDRRFSFGWRIHTSAAQIELNSPAYLIEAGRYHFWSDRRDKA,1,0.96052283,0.96052283
K2SMU5,APTGDVLSGVSGVSGLTQAGSLTKTYSSTEKTTTIIKNETVYSVVSTLYTNVQQYTSSINKTVEAVPAQPSEEDKKKALIEIKADIKSIASLIVDASVKIGKIEVSADVDVSAIVSLVVKLVFEIVATLQHVVAILGGTITVLLGSVLTLLVNAISALLVALQDILGDVIATVWSIVSGLLPFVGDILVGLGEVLKGDCGCLTL,1,0.5044541,0.5044541
K2SNX0,QDVGSVLTIVEGLYTQVQQYTGAINSTASTLGPLSTLAQNQTAATNYQNQVSELTTLVQSTVTKVTQLSGQTGALRARQVDANAIAGVLSNVLLEVNGALNNVNGTLGLGK,1,0.7011743,0.7011743
K2SP04,MGVTISKTSDLSPISFVSTIFGFIGFAITIATFLRVTWENIQTFLGAATQISDLLGNLKQGLYEERAHLRKVRRWQRRRGSFQGGPRSGPDADKHEKWFGHGYLDMKDMHDDDQSTRVLREAIRNMIRDFRYLEQPFLRDDVESRYRDPHVRNGEGYAPSDDEEYYKTEYRTTGIRERWLWLNRKGSVVDMMAQLSRLETRRIAKEVGEACLIVRGMERDFQVMDDRIWNLEQRMTRVVGVRRVDHPAH,0,0.9620339,0.037966046
K2SPD5,MKANNGVALAIFVSVAGCIMLGLLFRCLIPFCPPFRRSARARRANASFSSTDDSIRATTLNNTLRNRALSADAPDFIQLRRPSSGDRRRTASSGDAVAVWMASARRAPRGARKDKGNGKGKEDKGQQPLQKEESAVDTSVEVHALPGAGAPVAGERAV,0,0.9390247,0.060975257
K2SPH4,MPNSLFFSSFHFCSLSDNPSRLTHAPFWAFSICGLYPSDNASTLPAEAEEKEHSDDTQKSQAIVPIPLSTTAHLEVDFAPHGPSAKDRSPMPLKRPPLCVPFHYLP,0,0.9678832,0.0321168
K2SPI1,MAEETLNDTVGGLDSGIFTFLMLFLVLFLLLFIVSVCYVFTMRQAFAKLQTLIREHTAAQRDLSLQSLSTRQGFMGNHLPSSNGNGHRCSGNGISGHGNSSNSNNGNRSNGFTHGNGIGGENGSVPGPVEAGVVGF,0,0.91393626,0.08606377
K2SPQ2,TGPFLQELNGSWVIGNDLWNVTQGPVYGKPLYYKGKDVIGEAVGHYVGYNGENNLNFTSAEIVARGDNYIDVSFSATQGEFHWVIFDDLPGAYQYFVNRALPTLGVFRSLFRLDNETFPRGRTNIKDDILPPFSLYVGAPEVQDETFQLPNGTYLTKYDWSAFIRDIDFYGVYGDNFGSWYIRPGEDYFNGNHLKQELIVCALLPLRPKIRNREEKGGARAPG,1,0.8872851,0.8872851
K2SPX9,SPMVDEVALPNGVQENQLEARQCATSSTCCFRG,1,0.94768554,0.94768554
K2SQ06,MEQGSVLPRSFVSASGLVFLLKASLLLSLLYFIGSVVYNVYFHPLSKYPSPKCAAASNAPYRFIGARGPNRLSYISGRDFKEIYGHRTGGKKLVMKDQDVYQPAAFSDKVLKAQESLIRTYADKLVDNMRAKAGDWCNAVKLYNCATFDILADLTFGESLGLLDNGQYWPWVETIF,0,0.9715386,0.028461376
K2SQ86,QFQFFEHMFGGGGGGHHHQQPQNMPSDSSWYQQQYDSATCDKYLCPGTLSCVHFPHHCPCAFPNVEDKVELGDGIAICASKGGYKEGETIRKVELARKGLL,1,0.91500974,0.91500974
K2SQX6,MSSANWCVRISPMASLVSLSPSMASLSMSTLANPSRSYTGTSGNGNGDSTDATNIDKTFLRGIAKTDADGVATFKTVFPGHYDGRATHIHVVTHVGATQLSNGTITGGNVTHIGQLFFDQDLIDEINTSVEPYTENTIEIVDNADDRVFATETENESDPVFNYVKLGEDVEDGIFSWINIGVDLSNDYEATYAAIYSQDGGYEA,0,0.96297187,0.037028093
K2SR34,MLIRAGSLRKRLLLHLVFPCPLQLLLEPLVLTHPHPHPVFCPCAQVLHCAIEASAPDKQAQHHDGAPEDQAECQGDPEHDGAVQDVQDLERNQQHDDQQGYGGDVGILGDMVNQRQQMGLGGAEEVRERGEDGGKEGHGVGVLVLGEEVGCPVCAGEAAVSPVPRCMPGSGGSR,0,0.9745173,0.025482716
K2SRA2,YFYCKFPKKIVCPGGVEIPQNKLEETARRAKEGSVYEKSAANIASGLCSIIHLPYYIGSTTASTLIPPSNARMSSIRRQAKARTTVLIIESWLLSYLWGIHNLMRTELHVVVLFLFLFFFLNSAAVNI,1,0.59638,0.59638
K2SS62,MSSQALLSAFLLNPMLAAAFPLTGLFSRAFPLPPPAKSYTLHVWDDAKGTWKTKS,0,0.9814492,0.018550826
K2SS75,MRNGPGCLMFFCKLFVVLSHILFGGIHTTLTSHHLPDSLQHTLVSTSTESEFALLGAIPPFVTAILLILIREPGSFSGARPFFIPGARKRKQLAYGKALAYTTPSNFLLYKIPLSKTFFSFFLFPKSGRGGGIKKSRDTREAEWVVGNEEQSLGTKREDTVWRITRRCSSVVGRVDCSLRHFHLSHWLDKKKTSLLLVWSFSSFPSDRLFIMRVFSSLV,0,0.97538394,0.02461607
K2SSW6,MFVGMWYHLMHMLIHRPALTYATFFPSRAEAQRAAGNFFDINIAIETSVASAKSIIRIATDACSSRAPDMKSDGGVAFFLLVGSITLLYDVLDPATTRSYARATFEVVEGAIQTLDLMQHVGPNNSKELSLDIMKFAKDALLSGADEIDWERDLTDSFPWLSNVFPEPYTGFPSLPSAPAFPSVHQGPLSGPTSSAPPPRGAPSAMVTAATDGVYYVSQWPPTSSDVIDVPDSLL,0,0.9775303,0.022469651
K2ST46,ASPASFCKCTCFTNSTIIHLDDPSPYGSKSGSSKSSSNKGSGSSIFSRAKDSKKGKRSCNDCNKKFCLDYNLPICHGAKEEDVYTECFQRDSAKDQAVVVIFITATVSLLVYAAARPYIDRWQEKVKERRSYIPVSTQGEQ,0,0.5895897,0.41041028
K2STS1,MQAVLGERGRSAVTGVLFFFFFLIGNVCSCLIPASIRDLFIGKSLEKGAIRLVHKEPIALFDICVYAFPNLFKVTLLCCGEVGLQVAAIVGSQN,0,0.97415847,0.025841545
K2SUK7,MVCPFRAGLGGVSRFWAYEHTFSETVTSAPALRPNARSTYNFRATGILETSHHNYSNPFSLQLGRIELDVYGPNGTYLGPGNLTIGQLPDASQGQSELTALIDTEANSALTNIWGDQVLPWYLRPTGVFGWTTKSAAAGQADIEEFENLYLTQALAGMEWRVDVSTFENI,0,0.97540003,0.02460002
K2SUZ5,APFAGQILGEDDIVLLGENNRREVMKLKDYELLKRSVPVAPGPLSWTNASFPTLDRRTTANHTKPISLERRGCEESQEVQLAGKSNFQNWDVPMSSVLQNSADRSFVAVQDGFSLANSIAVSVGTKATFEKALSASLGVEFGTTWTTTQQTEYRFFVPAGKNGLIVSNPDTTRYTGTILSGCTDNPTKVDFTADAYTSASYGALSWVKGTIRLCSSDKYPVPFCVGQGEHS,1,0.572865,0.572865
K2SVQ7,APSIDEVTGKLTGELTGGVDHLVESAEKFRLTGLDKRQGCNLGDCARAAAPQIVTCSKAFLTKSDIWDDAACAAGVIALGTNTPAQCSPCLDQLKNKIPFS,1,0.72634566,0.72634566
K2SVS7,MRLGCAFLASATSSHSNLSSPDPRWKVGLLCLYIGMATGRSFSTTMSTTLPIGNPFTIGLGSATVSLGWSESGSRNPRKICQGDPLREQFVIYGLYGSGAPVARKRRVISASFCGFTGGYGCCLDLSWSTTPSLGVPSSSIADRSWLGRGIGLPSWRPV,0,0.9784613,0.0215387
K2SVY3,QLPSLNIRQDEAAKSQGHYIWTSKVVYDGPTSELFTGNQLYGLARQAWKEMAEQWESPVRVVRGNRPGMMGALAVGNSVYFSSSARGDNFFYRYPRPDTQPLEVQRALDLCQGSLALERDELDRPHFTSASCAEIMALHQFFQDPDVPRADKTTLPSMRVVAYGAGRSKVAKPFPPCGTTGNPDTWGCKQFTDFMKIEVPPAPLEEEVEDKNPPAVPVSTTQISVCVNG,0,0.8894101,0.110589944
K2SW27,QGRDSIRLFSSKDYSGEWADVAITDYDKCIALPSSMKDNISSFKLGRFNCRFFEHDNCGGRNYWFTEDIANLRAPSGSGYDGSQNDELSSAICVYK,1,0.95342773,0.95342773
K2SWF1,MARHPGVALRIQLFRLLPRRLILLCPYCFPSCWLRVGCLRSSQNLECQIRLQQGCRQGRQAYHTRMRQTRREVRRGWIDARLIVRGNVPQTFRCSFAGVTPWGPRARADALFGNDARPYRPFLSRLVKFISEFWRHPGIGTSHINGMNNGFNLFVCTS,0,0.9487695,0.051230572
K2SYD5,QTTEISFFYPEENPSYDDYANIALSVIEVQDADHTVVEFACASSRTTSSRLPSSTSDSDDDYYYSYDDTCVFAGSPLTATVGTDSFAYTTAIFEDYGDGSSYDWTMTMGCTSKEELAYCMFQSAGADAWSDYCSYSL,1,0.8169821,0.8169821
K2SYD6,QSSTSSAASSSSTSSCQAANIVEACVASIKPRTEACGGVDWDCQCTAYTDLLTCYNNCPNDPTRSSVQNQVTQFCNAANANKSTSSSSSASATASGTSTSAATASASASGTATSSNFDSFSGETSSASASSSSSTGAAVPVHIPAGGALGLAIGIAAML,0,0.7124015,0.28759852
K2SYI4,APQHDDWTTGLAKRGVGLYNSLLKEAQDQICKRCKKKKKPIPILLCPKVVAGSEHIDAWLQEINNIFGADDDDYDDDDDDDDGDGEYDGHEDYGGEEDSNLVPNYLNDPDWAPGSTTGPATGQNSSDPESDLNYTVPDPSATITFNDGVASLNVSIERKGNTKVEVSIHNNGTIDLYLLKNGSVLDPRPVFKATVYQRGSK,1,0.7870328,0.7870328
K2SYM2,QSCSTQSTAFTFYGAPDNDPPGPDTAYTCSKVSGRGYTAGGTGSYSDPLTFASAKGEFSDCEVIYAPYLKKYLIYQDFCAQCTDDWSSSRKWHIDIWTGTSSNGGEAQIQCENSLTPDNNQDIVRNPPSNLEVDLSALWSNGQCHTDHIYNNADASKACSGGSGNGGSGSCSWAGHCAGAKCSTFDDCSDDLVCTNGVCASA,1,0.83999914,0.83999914
K2SYM6,APLTATASQMDADITASGTIVLDAGIEIPAGFVKYIVNHFPSDEANFTAPAVAARSANNNIFKRSCDWLTCAESAASQAVTCANAVVERNAWNAAKCLAAVIALGANVPAPCQACI,1,0.6876245,0.6876245
K2SYW1,WEFPPKWDGGYLGFYRNSKSKNWPQEAAKLVQVEADNRNSATSASSSAAGGTTPAPDPNQPGTIDVQAPGVSVGVDPGQEVGVDVSIPGLPGINVGVSI,1,0.7585687,0.7585687
K2SZ36,MFRASRFSGSFNFFFCSFLVRVDASFLETQKRRWNETKIYDSWRESRMDEDGEGEEEGRMDAPAPAHRSRFPMMHNYALRANLINSTALPLPLLPLYLERSSRLPQKTVHPRWISRACMRTGGVFFFFISIHWHLAFASDSLLGLPVLISTGARKRSFLALFFFSETVFGGLHEVHEVEALRFFVVQPISFLFLYS,0,0.9774046,0.022595413
K2SZ98,HPVLPDSVDTSIEPTQLLLCTGPHFTGDCTHQNVTALGNDHCLSLDGTAMSVQPGSGLDCMFYANGVCRTFLDPAGESLRLFYPGEEDLSGRWSPLSYSCVQLNGTVFAEEAEEGDGV,1,0.9677721,0.9677721
K2SZK1,MSSPPLVFAFLAMVALALLLLTLLPLTRAGRRVYADLAADARAPLELQLLPVSRKLAWKGAPPPPPPQDQRPRWMPGRSILRAPRSRASPSRRDRHIWFDVTLEHPQTRIVFNWMQPGYQDKLRKIMVEEELPHFWAYGRLRPVQPRDADGDVMMEM,0,0.9758507,0.024149282
K2SZS0,TKFSEYILAPSQRSVAPKTLREVHGTVNNPGALLLRPSNGTDAVFIGSNSSVTLDFGVNIGGTVEFDITSVSGTDEFLGFSFTESSLWISPYQGDSASNATYDSPLWFKIPSAGRYAAAKERQRGGFRYMSIWHNSTGSVSVKNLSVNFTASPEMVDLQKYPGYFNSDSEKLNRVWYAGAYTNQLCTADPAYGNALGIPGNDWYYNATISSKSR,0,0.6613985,0.33860153
K2T098,QSSDSVTSTSTSLSPTASCLATCESGDVTCAAQCVGVAHPNESQANDTTECMAKCDQGDGSPAAATAYANCEQACISSYFPIGTSHATAGAGSNTAASASATATGTGSSSGSGSSGSSGSSGSSASGTASETGSSTASGSAASSTSSEGAASSNIQLGLSAAGAAGIFIAALAL,0,0.7867417,0.21325833
K2T0I4,MCFSFFGMYLNFWVLGLLRERPCTEEWLSFAFLRITSHHSERRLNRDEDFILKRVPTEWFLGYKRAVCRRSGGVVNRLLRWEHFDADPSWPFNVQKRLHVIWSLNLAFSRLWH,0,0.95010227,0.04989769
K2T0W1,QDGESGFSHGQPISADGKGGPLLGGTNKQVDLDNPSNLGAACTDSGVVPNLKWRFSDSHVKLSNGGWTREQVVTDLPLSRDIAAAQQHLRQGAIRELHWHQVAE,1,0.93507516,0.93507516
