header,sequence,prediction,probability
K2QGL0,EVIPVFSPLLGITAALFNPAFTLYLPGIMWFKLIKEGGCFSSPKNIALTIVNAIIIAVGLTILGAGTYASVQDIVDSYAGKSVGKPFSCKA,0,0.010944371
K2QIM2,MKDVLTYLQGKRNVKGVHVLVGLFIETFLSFLSGWDARGRVFRFWGTSEERVWEITSYRTAAEYVAAVALDPTAVGFLKFLGDRKSMAEIADIMQSVHGIRPRLESLGTVAECNQRRLADEQNNLAKLHAEASYFLVTGKPSLGEDLDNSRYPEVKLETIRDYLEAREIDDIVSSEFAIT,0,0.010752976
K2QIQ7,ADFESCYNSVKDCTSISSSACEAMARGCCEEANSACRVGPDANMSYCSSQNSICYAKNGIPDPYGINTQPQPTEKPDFESCYNSMKDCPSLSSSACEAMARGCCEEADSACRVGPDANMSYCSSQKSTCYSKNGLPDPYQN,1,0.9944125
K2QIZ1,MLFSDTGTQGVKGSTAEGSGTDLLAYLISQTVGGILTGVAINRLKLFNPSMLFGAAAFSIGSGLLHTLSVGTPSSQWIGYQILAAFGTGCCQFIAMGIAQQELDRREEAIGLAVVYMIKMLGSSVAVSLCSSLFYKELKDSLHSSGLSQSIIDGVLHSLVMKGNGTTDPTVRIAAAEAVAKGVQTAFIVPIVSGVLSFCIATLHKWKRIGDNEKTSQDTANELTKP,0,0.009404968
K2QIZ9,QRGYITLCPESLMRGDCRDLGIQTGECQELPNGIRDRLSSFDTYGYTCQFFTDGSCSGRQDDFTGNHDNLRQTQWNDEKSSIKCTFNN,1,0.8312073
K2QK68,MPALARASLILCSASLLSSCLSPLSTSGLSSSKAGLKRCWRKTLLSTETNSTCANFSPRHVRGPKAHGRYVVFSGCSNTSAPLSALIHRLGWNSLAGSPVPRDHAGEVCTAALFRTILAPAGTGIEAPVLRGIACAEAARRG,0,0.007811106
K2QKE3,MLSLSSNCIRWLPLTLPLSTTAPLCAEEPGCLPISAQVQDCCCAHLCSRPSHTAFGSRHDVPRENLAFRPHPQADVVQGIWRTLGGLIPPLLLDEWQSFSTHAIVLPHARPIGACRQYCVKRSQYLSEAAASAAGRSPNGGPGQLPPRKHVKQVCTARNKEKW,0,0.010516938
K2QL01,QQATIKFELFPATGVACPNQDASGNVTSITADLKAVAVAARNKTPVDKSASNVSSGKCTKMRSIPYYVTRSYQTNGEPAGDVYFAYDEKNSTIYFCRATGPFSTNGSGYPDNCEEY,1,0.7602994
K2QL85,MLLCFAHIAAGWNWAFNVATESMIYLSSTKYDTSGREERNECTGKSIPGVMHESGRGPWRAVTHHHLRFHFTPAIDDSHLSTDFSLSVSYISAVECIRINSEDSQLDPSVLYL,0,0.06324253
K2QL98,AYTWTKCTNAERCIAAKAPNGSTAGGKAGAQPGSRFSYVGGYVFAVDTCSGYSSDRAQGCWYSHDKDGLFISPTGYMRTAHDCNLVGVLSKSADVGVTYWWLHKGGDRCLPDSVGTEVYDVQACYAGDQ,1,0.91612405
K2QLA0,SETVQVKEATIHYNGEAPTAADFTIQPANVKCSSSSAADLASDVAVTCGDSPYRFELRNGGNGELAVTIHKQTAPATTIALVSPGPPSSSSSRLRVVTVRTTSSSRPRMMLSPSRSTKEGARISGAVLRK,1,0.9943329
K2QLU5,MKWSVAAAAVSLVGAGSANVLPKHRSRFSPPIPPDDDDIALKARSTGSTTFEQLIDHSNPSLGTFSQRYWWSDEFWAGPGSP,0,0.0078724595
K2QM43,FPIPVSQPPGSRRRARTFGLIPIGFEKVSCRLVSRTGQCYLHRYTCHPNLSGCYQARMSEQLVLNNHQYSLTITGPRRGEGEKRPLALSPSSLFCTPQWEPDCWSHGHPGRQARTSFPSVGVPAYATQTYYLADNQDPRYPTDWKDGDKIDVVRYCDHT,1,0.97515297
K2QM69,RTDLAGCTSSVSGNALIWYVPGTGELCEILDCGGGRAPPKTTVPGCAAYEGTATYSPEYLPGYGPNATPTAASSSSAAAVQSPGVTAAPSLSSAAVSSAAAAATSSAASSEHDGDDDGNASASASTVASSSAAVSSSSSSSLSWVAITTPSTPVASTPSGTPAISTPASFTGAAGRLEAAAGVAAGGVVAALAWL,0,0.019121336
K2QMJ2,VPIRRSSDAMRQSKQEIEERAPYAPKTKLFITNARIDDVATNTDASSTSDDDDEISVFEIRDASSTQNEIKRILLPKGLLNKTTQETVLSSGSTTSEDEAAQGSVVECRVDKDGRNYCRTSDGWYVYRCETGEISYFRQMPYGDEEICSDGSIA,1,0.99430734
K2QN02,LDTSFTITNLTHIPTSTVAPHIHNGSITFTFTISPTASSSHYCEQTFITPYDPAAAGGPFTCNDAWQDMLYYWREDLSAADGMVEFNVWYAYLDCRYVMCS,0,0.25425413
K2QN55,QQCYTPKHDSKADPNLQPCRNFPIYHPHLSCCPADAICLDNGLCLTPSSNSLEILQYRGCTWNWGVGQACPGAEYCRLKSRFRFCLGVDTLTPGEDATGYQYPVGSVFNIIPCSSGKYCCSVDEASNDCCANEEDTFEVSWGPIRDSTTTSYSTWTYTTTAYETTTETVCPATTETLSYTTPVANPTPGARFVA,0,0.21922632
K2QQC7,GNLAGMNDLIRRDECPATYVTVTVTSCGAAPGTSTAVVPGTTGAPETTPASNPGGPESSAAPVATSAPSGTGSAPGETTAAGATGSAPASSAPSGTETPAPSSGASGSASSPAASSSAAGSSGVGSSATASASASASAATSAAASSTVAPNSGASAIKLDNAMAALFAAGVFVALA,0,0.038967013
K2QR54,GPAALPAEDRTNNNAGPLLPRQGTTTPQRFRLNVRFSNTPTLSGALHASGGSFWLHKSTKSFCPGESVLQAPCPPGNETSFTGGGPDGRLSLNVAVPGGQQVFIGPRGLLRYTRAHSGDMPRGSITSGLTVQEGTRFLNPFYQLWLCNTDEDDEVWQVWVEQRDAQGSQKNWGSTGRNACTRINLEAEEVKDEVGAWQYD,0,0.035243325
K2QRA7,MEPGVLGTLVSLHCCGWLVVLLVQEESSCSVWKMGLCFEGVYRREIPLEEASTVCPGPKLATGTPHDRWIDLVVRVLGSIFNSCTTPENPYYLHSFPHFSCSFISQHVPEKMVFLIC,0,0.11914916
K2QRB2,MAQSRASRPWSFLTAPCMLLTGGTISAVRDSRWNVRCLIKASQSDDQASAKRRTHCRYFVNGPHAVLPSLPCCQSCVRARSVSYVHSSPHPYCPRSASTGLLAIATQALRLLCNTLLVPDTYCAFSHYNALTPCRSAALPPCRPAALHSPPPKHILRTCLLACLDRRTLFR,0,0.008806521
K2QRE8,SETYEPPTLANLTTTSTTDETAAASFVSKRAEKAGATWCEHTRHTTPCARFDLEQARCYNLARYWNDKISSMYPTSRTDRCAVYAEANCRGQSLTVSWPGINRLADKGMNDKISSIRCFKFAAS,0,0.4804284
K2QRL0,ATTYQILIDTGRCADSADYKAQITGTGAYAGIDHVDPNKLDAYGWSDIRPGDPIMWSFDVPADYTGHVWLYDTTKGDVPADGLAVYGLDIEVYNQPTEEKPNKATLKALGDAANDMRPGPLRTAAFYSQDGGVNTDWVSSADGGSVKSTVVGDGISVIYCGNS,1,0.9942914
K2QS10,VPAPQGYGLPPLPCTIDPPYQSAVPSCGALPPPPACTPPGPSPSPQPNPSALNKTYGLMALRSASPIHFLSVVATQSGLQLGKKQDAICDKQSDYATFLLDNSTQRLFLYDGLESSYQQLYTDRSGMGQGVVRYTQTSGQTLNPNRIETTGWLIPSDSPDLQFKDDGFLACPIGDDSWSVWLNTEVSNPGGNTGCLGFSARAVEIAEPVACVYS,0,0.06432664
K2QS62,MVISWKASLCFCTTDLAKLCASVSSTRLCGTKGHSILGGAGRSRARNSHSCSNSGPQLGQQLSSSLVNVVLFNAFEEFTFAFANQMATDEGLMGTEKEERLADTAPLKNAIPTWFPSLFLISQVCPDLTVILPLLNTLLQYLVSINPGKSYSDQLLDLQRVSSLEDQV,0,0.016720766
K2QST5,MTSHIPDNVSFEEASTIPLAGLTAVVGNYIRLGLPEPWKPATEKVPFLVYGAASAVGAFAIKLARLSNIHPIIGVAGRGIPYAESLIDKAKGDVIIDYRNGNEAVVSGIKDALKNAGASHIYHAFDAVSDNGSHNDVVAVLAPEGRVTYVFPLEHTAPPGFSYPKTYKSAEFSNVADAYGKHRQEGFIYLRWLFRMAMEGKFAPHPHEVVPGGLAGVSQALQNLKAGKASAIKYAFKVPDTEGAGQD,0,0.014268314
K2QT12,ILLAYLYLKLVLLVFRNPRKYIKETYRLAILYLILLNKVKRVRTL,1,0.9587627
K2QU70,MLILILLSLKFAMQGHDYSMPIPFPRAFRTSPPPTELKMFGELPEEIPTSVKSEPDSQGEPLIPTQNSTPAPYSIDSTPPRLELRMRNLQSPFLSSPSETSDGFSQKRSMRGQSKQGFQTVLLTLPFRFHLYVSWRGSYQKQRSVKVRS,0,0.055575814
K2QVB9,MYQADFFLAHVFIDVGFAGPGALPTLANIEKINNSTMQEFGYPTMGYWYFYQEDDASEILDSHAEAVLSMFYTSTPAIWKQLFSPVGAFKSWLLSKEPAAVPTYITSEEKLVYARIRKAGGGFRNILKSYLAQLNNVNDADERSEFSIKILVSLPTKSTSVANRFPNPTPSALNNRK,1,0.7170065
K2QVC0,TAMPEAEVEVAVAAKSPVQNFETRDAAEGAPAEPNAVDDQKYAWYNFKRAEASSDAVDDQKYAWYNFKRAEAGSDAVDDQKYAWYNFKRAEAGSDAVDDQKYAWYNFKRA,1,0.7398518
K2QVD3,WTGFAARSCRKLPVKPSSKPVEERSYFLIPTSGNCFDSLNVCMDWYHPSPSELYLTLTNKAHNTFICFSHDNNWESCVQSSAGVPCNAGVPNGDGRIYASLHLTL,1,0.5226044
K2QVM1,ASSSGCSVSLNSTLSKPANPGEIILMRTMLKWSNSTGMSGFSSVSPSTLPRLHCRITHLPFLPISDIIRTSRHISEPKLTYSLDRATPTGPIPFKTRSRSSSTRTPSPTMRPRMS,1,0.56444806
K2QW61,MQSWVYRVCVAFAVASARSVPLATDLGRAFGSITSYTLPVEASWTQYTRFIYAAMISGGFRSRMKIRTNSFGVLALDSTATSAVRRCCVSSFVRRNVSNPDPSRTKP,0,0.008761516
K2QWI0,TKGSASKKFGEDPKTLLGLLERAARLWPNHGIAFKDQGWDQRSDFLTYAELMREATVKHAVDSWHQNVANKRRRMPPNSGPMAPLCRKSLLSCTSTHTETTLCGFGRWLLQEAYRLCCRPCPAMRSPWLGSWTISTNYSMGRQFSRRNS,1,0.97761714
K2QWM6,VAPNPPPASSVIINGRSPQSQGQGESSIVIVARDPQTATAGQGPGEPTVAGPGPGPTQVAPRAPQGQSSIIIVGRAPQTATVEQPGPTTVAARAPQIETVTVTIAARDPQSETVTVLGRDPQSETVTILGRDPQSVTVTVAARDPQAVTVPVQPTVVARDPQELPGAGAASEVVPLRREPASTLITLKRAPQGTRVRREPQTTPTPAKRQEATPQDEPCCHNY,1,0.9929883
K2QWN6,VPAGSTSSSSVSSCWLAAMSTNIPCSDFNDKGEGCITERPVGTRHENLTPCNHTTGLAMDGTGRDCAAQCHSWFGETENECHTSECIDPTEGANPHSDGTCDCRCGFTLTCVAAIAAIDSNSTAVDNCTGPEVGNCTQATAAPVYTFSALTDPPLTATAAAAAAADRVLTADWQV,0,0.17575887
K2QWV7,RISIEYPFLDLLNNSYSSFRLALNQTITADSPALAGSAAYGTNVYPATFNPPCDAYGPGTSLTARPVARRPNASEDAYFATSFAPAPCPSPYPLSFFVNATNQPSFADPARGCDRMVRLFNTSVTQPPYEPVHVYGTVSASDTFFPTASGNGRTWEGVWGLRLDTAFIEYNYLPCPSLAGVTAS,0,0.4669571
K2QX81,DSLFDCYPGTNGGRYCCLKNHHVCEKQRGGGITACYSDETVYCGGCGADCCTYDPNAELVEDDSESGSRYTTSTSLVGT,1,0.99371076
K2QYS5,MPTTPSAVLTVLHTPELLELILLALATPSTVPGTRTLLTSIPRVCHTFRAVLCSSLALRRALFFAPVADRGALRALNPPGQVPANSCTADALPRALVPAPNEFAVRRFRLGRFDEPDADYDGGYMPMVALRWIDESAAAEKEEAGAGGDGEPSWRRMLVAQPPPRRVEVVVYGTIMFQNVKAWVECEDGVTLGMLHDRCRELACGRGWQKRSMGWYFEL,0,0.009209692
K2QYY4,TSTPHEVSFRRTLVVLELDASSSLMVVGSWCVTGPSLVRSGGIALSGSCIALDVWVFSMFLNRQRWCLEARRDNDGIGDEKFSQSQVANRRAQRNECSYAKRGDLCRIPQTRACFWREESKESLLLVPEKKKWSGLGA,0,0.11007036
K2QZC8,AARMYSGRHRTLPYPLARRLSTQLGNAPVVRYSLKMSSETRWYQSDRRIGTASRSASCKAVSSVWFLARVSYGRGRCEDGWMTSGPRMASSEYARKCE,1,0.9016248
K2QZN1,DKHGYCACWDKPNNKLMLPATGQCCTSKGGVLTYFTSTKTTGNMEGYFCAHPTNGGDWWSACCEGQGWDWSKCFG,1,0.98074305
K2QZP1,FTSHRSWNPLNMGGPLSMENFLQEYAVGRHEGLCTKGSSASRTNFVFSCLEDASIICEGAWAGIDHTIDNRIPQIPVDSTIVWSADRLEPDLNRSTTMQFLDITFLLLIAQLLQPVLAYKIDATCKDQDAELMRDAIVQAFDMARQSLDALENRRQDVNVKRLIELLFCEEGQDPATIDMTKVMSSFTGILQMEQENPNADTEDTSDEVVSEA,0,0.11975668
K2R0A5,APAPKPIPQEPATTATTTATATATPIDYGSYGNYGNYGSYGKYLRKVRELMGSLLQGKYGSYSEAVESSE,1,0.98215216
K2R0S2,QTAAEQYPYGYWDVTLTSNYTGNHDGVRRNITLVFTDDNRIVSDEAKEYHCWSDFGSSTLTEQKHCDNQYLDFIIVDKCNERASASKDPNTKEGENLSRGFSLSRYKKRVRAS,1,0.98700225
K2R1F4,MWGGLHVWPLLPSVTSAVTGAFTRFASDAPSDPHVSLFAGLGYMSGHFAWAVGQYDALGREEPPIFAEFKDDSELYGTTKIFSTARVAALSDFADELDKSEPAGMRSRFTTATFRADEELLKFMADVFLEEVNAAIESGLSDDEHFAPMLGIQPLTRNMLKEQAKRGGNVMGIDEDDAPLVGQYGLLPVTEMALISFVT,0,0.014564596
K2R1Q7,MTPVRSTLLNALWWIQQLWARFIELLRTYPGDGDLSSTFCLTISDGKGWNDNLIEDASEACHIADALAFSETRPPGERHYAASCNRGFFATKKSYMSIGLACMKVRDAVCILSGASVPFIPWKRGKDHLPAREAYVHGIMYGEALENSDVETTSLTESRILWGLSGVVSDSMGGIADVEAQRVSLSAICGIPVIEITG,0,0.10988465
K2R1W5,SGTSLHYRLRARVTGPRDEKTPPVDGWALQVQRLPVNTHAVPADWMWGVLYNETYQPSRGGDLFYTQPASDGSSHVRTDAPNAEGDVTPFGFSVGEPFSGYDLVSDQMVAVRSNRDETVTDIGVAGDGVPLLQKPGYSDATFVACNELSQEYVQVYWANIAFSGTDPIYTQDWRNCTEIQLVPECASDGPKYEDLQESSCVADIATVL,1,0.9863826
K2R2M7,LPPAYPSITGPIQEGPLTVADNDATTPALDKRLAAGIYYCRNNDWKGPCAHTLVTVGKCMNFQQGWNDNINSFGPDRGAFYCILYSNAGCTGAEPKFRFKYPGTPKTASWGIDGRVSSVKCFYG,0,0.08086201
K2R3T3,APAFQAGVETPRLNDTKPFEIDRLYMEMDSVWDTSYGVTIKFSITDPNTGLNTFCNMTDVHPSTAYACTRDQTKWSLNTDFSKISVEWIWASGELVPASDAAYRANGTTTVNWNCASSGRYGQQCFANAFSVPVQTISGTA,1,0.9359368
K2R3U0,MLYLAATSYAWLMSTLMKTPLAPASSANSSKTGYMILQGPQVEDVKKMTAQESLALASSLSTSRRLLTLWTLPCCAPTPLLAPLTAPLVVPLVVPLVVPLVASLVAAVGAAPLGTFCGGTGAWVTDLIAASI,0,0.04979411
K2R3V0,MWRAEHRRIRCHGHVVNLIVQAFLFMHSQEAVEAACKQIEELDEASYDMDMIEAWKRSKGLGWREMGPLGKVHNIAIHIRANDYRYNLFKRRAGRVLGLDNDTRWNSWFLLLDVTLEKQEHVKWYQDKYYDSLM,0,0.0122707505
K2R406,AADAEALLPFLNPDYCTNRGGECESDGKKGICSCSMSATSPSCLCIT,1,0.99375373
K2R4F0,SSRSHARLHREREARSAELNERNILIDAIHEAKLLALGLIAIGKNALDATEAQVWIGDDGDYTTEFSNQSEEDIALVVWGPQGSWVNTNEPLITLSLAPGANKTLSFANGVSGAFAAVYNDTQLVNGQISETWGEFTFGEWGCVDVSREVNMKGHNMTLDTGNCISNMETCVFRCRNGVESCWLEYELFNCENGSQEGATYGTFDGAPTGGCGNMGSSAHVKAILY,0,0.053588916
K2R4K2,QIHTIGVSRVFCSGDRFVEDYASFQGLWRTIPRDYKDSYVARPEVENTCWNASANSGSSSFCLNAPAGYTVNKLGMKAIVAAVYDSCKLGGNNTLTEPPQPCPLDDE,0,0.012507669
K2R4Z7,QIPSSASRICCLRNGNHIELLDSEFYWSSVFCPLTAGNLVNILRTTSIDSSNLV,1,0.99263024
K2R503,AKYEILKFIITPLSRYQGTIFPIFGGFLGGQLTGGTRYPPAHKRLCASHSLQNYTASLNGHVAIQQYGYLVSISSTIQWSSGIFIIDDRSPRSNMFLLVTDCNKGAIASIDNYSA,1,0.6322676
K2R5P1,MNRGDGTLLSLLHALPHDAFGKPFFFPVVQAFYSFSLPFSLSISVGSTGCRQGLGCGPAERPCLLAGFASRSRIALGRRLQARAAHCCALWHGKSSLACLVGRRVSHAEVDTVLSNFFRHCSLRSSFRCRCDGLGSCSSSPSRRSALRSSFSHWRKTSFYKCLRRPPTTCEIYLMTGARKDGRGLFLHPQGYWPSFPRWQGGSAGHASNSCNSRLWHRNKSGGNS,0,0.035485584
K2R5T6,IVMAGNVKDIPVGRDGNSCDADTPRRGRPYTTAPLIRNPNPFCNFFGAFFRN,1,0.98913854
K2R663,VAVLQLLAFLLSRSTLPTYYTYHISESRCWGPSRCYPEQFPVDRDDALSPLTSSATHGNSPFRHTTSPSCPSRLPQLRLAFRTVVGSSDRGLSPWHSFRRVSLPPSEIILLETHSNHVEMHSDRAFLA,0,0.0552745
K2R6K7,DSVPWERLDKDNAVLVILDLQVGLYQIARDWDPTLYRDNLLAHAAIGQLFPSLPVVMTTSAQTGPNGPLPKEVLDMYPDAPLIQRQGEVDAWDNEEFRNAIKATNKTQVIIGGITTDVCTFLEKEPAPSPSPPPFQSSK,0,0.009975396
K2R6W7,MLSPTSALLLTTLSTLTSAHVGHPMPPHPSSQAANLTMPRSVHPHVAALSRLRRRQGPLLPLRRLRHAQCQPHLLPPLRRPHPAQHGPHRNQPASPARHRQRSRQRVQHRAAAHFPRARARRFLHGRHRHPREREPDGRPERDDPGRVEWGSGWWTVSGR,0,0.008076839
K2R751,AGGPSYKPITPPCTIAYPLGASPTNATAAYAPSASLTAAHKIYSWDRPLSDESYLNSTTLWSNCIEQCNGLDRCVSAFLAYNVPGESHYGGPAGNPSIGCRMYDVVVGEADFVRVANGTYERAVAGVIGGEGCVN,1,0.70900995
K2R7S0,SPIEVNEFHPRCFEFTPKTCWPPGSECKTRCGDPGWCSGSDFGGPTATAGGCMPHEGGI,1,0.98795044
K2R827,DTLEDHNYRVQKDNKGRWNVYSQYYQGGNAPIDQVLINTEQAQFTIYIAQNAAETSNPKKLFFSDILYRLCSEKERIQPTSLKVAVIDDVTEPATVQAMQSFRRSHGLGPRADFNVTPRDSEWQGFLNTPFCKVINRMMGGGNHIAAILGRYESGRQNLYLSIN,1,0.9937564
K2R842,TPLPQGCFNMCCPRRGAPSNPCVGQSIADYISHADFDPHGVLGATARPIRIDVADNHTPEPTALGYFSFELIPNHQMLSLRFILSAN,1,0.9944554
K2R881,APAPTRPAFSDTESVGTLLPTSLGTESFNASTVFPTYTATDASDVQTTILPTSTATNTSAVETTVLPTYTATDAAGNETTVFPTYTAADHASVETIIPTYTATDVAVTETTIFPSCTTTNTSDVATTVFPTSTVVVA,0,0.19511054
K2R889,MVLYALCFLVYTSPVAFATKIIRQACLDSICYFIPSDHVLKLDSALNISSAEDDEPLPISVVNLDLPNIGNEDILSALGHFNAIDGVWSPTFAAYIYIQRNAKWTQRASKGCLSDLLFDVGTVLDTSSVQEAPLLPEGPYFLDAHTKKPFKAYRLYDDIQQTFLQASHCANQFTIPKLLVS,0,0.007340078
K2R8D2,RIVTVYETATTCFPETSALGTASTATAARSASTSSSTVFNDANIAAGKPFLLEVLRVDGSGLSRRQQPASQASWLMENGNTTTDASRAAVCSIDSNGRLHVNSYIMSVDNEVASAPFAANAGTYNMNTTFSTINTKLYWNSSAFSNGTAQFYKLPVGLLDNAEVLGKYHGPPEPNRGWTPINLWARARES,0,0.12697966
K2R8V2,MVCSVICGYLLPQSPQGRCSLSADFFAQVGSFGTWDALQPSAREYAPCSRQRDPWNGTTFHCYHHMAVVSISGAGLENSTAMGKAFSTATFCNCSDWNKRRINMTRDGVKTRSTNLRTKPQAAIER,0,0.051158186
K2R8W5,MRYSTVSRISDYSCSYCNIVLEAIICTLLLLAGMAVPLERDSSKLVITSAGIPHPNWDSNTGSYPAHFKVEIDQLMGMMRLSHVYEPSHNLLAWAFHNTE,0,0.07564718
K2R952,RLAPQQLSESEYEVLVGLIKSCKRRGMFQYPRMHAQYDRAGVDHNTVIYIWVGIEEAKRFALAVYHVWKMCKDRALGHHGDDDLLTVADLEFPIPMGEHMWLSESKELFLQRVTETIDAENSPCNHGAEWICNGKGV,1,0.9539537
K2R991,MALLYPRSKSLQSQILEYFIVVVGLCHHLLDFTQKSAFRKFTFTLNDLYLKDFQTDLDRWAIAIKDELDVIEAQENSRFRALYSKLSKSASHQQKLATNLRVLDFCSKYNHQMTWKQTRKVGNAALFTQLAENQKWKDCSSSCTFLCTGKLGSGKSVLLANIVDDLNIHAEKDKIAVAYFFLQE,0,0.010414573
K2R9S8,LPIGFYNRDEFFSKRAVDAEFKPTGEEYLLKTQLVNNNDTTKAKYNNLYLTAFHTGAGTNDAVLTSSKDSAATGFLNETADGSFQEFDFGNDFPWTMKIGYEPYAAWAPVTIDAGLGDAGDSFFTFTPSGLTYNVSQFDGWLVCDWWHTTPQLFWKTAVTYYNSSLPTSCADVYLVKESL,0,0.2587435
K2R9U2,MPPTTLLHTASVLFLILTILTILLRPVFVMTAQFTVAARSSTGTPSIGINGTEYKKGGTRDGSANNCTFDNEGDALAQTDVDKPLGILVISFVPEK,0,0.008190474
K2R9X5,TASENDVEKRQTIDYDPCPNTKWWKEEGPCWGYNNDGTYFWKTEGPCWAC,1,0.7985065
K2RA48,APAPQAATDSQYGSWALNYTWNSAANGWKQEKFEAVYSVDGSSASQIYTYSPWLEGPEKESTVSDPASFVGSYNGSYVFLQQTVVIENTNVTIYGNAPLETSCKSPTGRLCKGSATVEVTQAVA,1,0.9143664
K2RA94,MLVWLLSLCLLPARVSIFLNADPLISRHSGVDFKLKWLFVHRPGGLEIGLVIFFFLLHLSTHALVCILLRQYFPCGYEFLQQQHGGENITLLSPTTHRPHVLDTRIPIFHQLENARCSCILIYLEERVEGFCYYSIVGGLQGFEKSINI,0,0.012299496
K2RAB6,LPTTNGTSLETRGALNLTQPALFARSGNYTNFPIVPRWNTNSTVFPRLALNKNSTEGIFDKRDVVEGVALPTGVVGKRNASPTGYVKRSFGTGTPFQA,1,0.9762853
K2RAC2,MLGGVCGVIESATCSSSSLSRMYGHGRFRFTVRYHQSAPFTRDIPKSDTRFKTSTPSPLALASSSLQDFQQPWIAFAWQVLRPLSQLFTLFPLWCTVSSSTLSAGFLVRSLQQRPTLWRFTTTCSTEREANLSGSIASGTRDTVGSRCVDSCWLPRGD,0,0.0402962
K2RAF0,AYNAMAASPEQVDADEAVDLTKPLSGYKERRAYNAMANSPEQVDTDEAVDLTKPLSGYKERRAYNAMANSPEQVDTDEAVDLTKPLSGYKERRT,1,0.99338335
K2RAT9,TPLQLQGLDLYKRQQNTCGNNARELTSDSLGPTTVTNLIVQGTREDFTISFDLRNENTGIDTTCSAQLSISSTDRWIQCAQANTGANAQFRYCAVCPERGVRYSSYGNVNYDVPCQSASQKEKRGILDSRQAAGAVRCQAQGGIPVTVTNVGTDPQPPQ,1,0.5287868
K2RAY8,QNLSFGADNFYRSDIVTVQPITFPDQFQLTIAGNLFTRNNLSRSVESPAIIIGHPMGAVKEQSANLYATKLAEQGFIIVSLDLPY,0,0.056569505
K2RAZ3,MAYFCLAEFTSWTYGILIGSLYFIVSFPTPPFILHSWLRGFSFECYLNRTLLSATYLTVTVMLHSLPCASTSKVPSLDVTIASHIELYLHSLTESLHDFVPPADGIGNRQSTPTSYFLSIPRAC,0,0.0461582
K2RB34,MSRFFFFFLIPHPFSLISLFFSIVKDTLGTGDGHVYLFLCVRGYRGSKRLSHERLGMVDSLLSFPFLYSRVQVHVWSFLVLLLKKTGRAMPRLPKAAGRNSSRTTFDSVLMQALRSKKALISHFCCKHTPCLLRYADGTVLMVPKYWKWAALGSSEDKRYHYLTDQDHREIKQSFRCHSQSGNIIANDDESAVADLGDIDLKVAKPKATSFAVCNVESGEEPQNWLSVGI,0,0.068544745
K2RB95,TKPWVTSEALRAGITTEGPLVSLAMLHQSTTSSPSSPRPTALRSPGSRTSPRSSTASNPSPSASTTPATTSTA,1,0.9910704
K2RBA1,MSSLFFAILAAMSVKVPPINTDPPNTWAYRNPPPSLCIKAPAIGGPVKQAMEIKEKHIPVRTPIFFRSLVKLAQEAGKRLCMPAPKNPYITQKAYRAPSDDTAAQQ,0,0.094869934
K2RBB5,SPLALCRTDGIWIRRCASALRHSALGLAIQGVDALSKCSVIFPSFFYNGFTSRLSLTAFGRCCSSLFFFFFITSLSWNLRMYEGTKKGDPLFKMLLLFRFPFFSVPFVSLLWYKWKRIW,0,0.07912027
K2RBH7,ATTTTTAKELASPIQAATCRTVSPAGLSNIPCQNNAHAEASDDGKHHCVEECIKLWGETACLGSYCAAQGRSSVCNCTCGSFIDCD,1,0.95095044
K2RBL9,APEPEKEHALQKRLSELGVAIVGGTISGAITTAIVGLAVGVAAKQINDVIDALETWERVREEFTQKTVAEMWANRPGDEYAAICYNMAYSVSNTQNIVDGGKVELTSGPLKTDYDCFLMKGPDTRFTPEGDGGFINYAAQHNDAYCTYDDASGEIYCK,1,0.92739946
K2RBT7,TIGDGTTGASGIVTAYPLGLSTDEFVCEKRFTVKAVKEQAKLASKFVPAADGTAAKGAPDGWPKVFKPTADSTVLHGCSGTVYQFPLTDPAFTGGKEGSDFLLIEADYAGDKIELCNAVTTGANGDLVECDHHRNEL,1,0.99431473
K2RBU3,MCVAELNVSVLPCRHRWYHLLRPCSPSTNLSNCPNKLGIEGWETKCDFCPYCASWNLSNTDFRLVGNDRSPSVGGLSRSPSLNYGSTTTLTSARRDSRRASLSRTDSASSIPALGLSVVEKTGEKNRAISARLDAYLGKNPERKYSNSDGETTDIEDRQSTRGSIHSSVHGRTPSTAGSDIMTKVDAQIANGTPAAASTNKKDKSFFKKASKRFSKGIFK,0,0.053698014
K2RBX2,DKTINIHAWPLGASAPQHLAQVSYETTTSNASVVSWKPPAFSAPDALVRVGLQKPDWTGILTSGAALGSDYKKTLILHADAQGAVYSVGFGAEPREETTRNTAENDDVVEVRVEKAQPGPAPVLNKPVVLDESGKLAGQGEPEKTFLQKYWWAIALFVVLQLFAGGKE,0,0.029405963
K2RBX5,MLSSFFLRWFNVRLPSPSLLLLAPQQLPDWLTIIPPAAELHDDQPGVSNGRSWGMPVDDYVEQTISGLKQGKLDVPVGTSVLSYDKVEAARSEARQGLLSALAKSS,0,0.0453443
K2RCF4,MCERRASSDATPVGGNGIFSCSAIMPGSQQRKCSIRAAVSPLWPAQRRSAVHAESSRAANYAVGIVSQDHPWIVWPASVANWTHTDVQVRFKAEPSWHTARMKERICFLPSSTLALLPPPLPICALLLRRWIRRSASTTDRGATRNNRGGAVYSWASCRLRSLRS,0,0.086215
K2RD40,QSCEKPDLIVVIHTGNCPNKDTITTHVVGANATEELKDNPVQGISLSTYDTRYTWAYASVDEEDGKTVIAPVKINFATFPKWQATGSGASISNSRTGDPLYVNYCDSN,1,0.99325055
K2RD97,MGADRVLHKVKPSHALDFNCALCSTIAFSRPDYREDQEHLLVQVHAKWENPGSSLTVLTQDGPSTSFWTPREGRTTSRCPGSLAFFSGLHPCVRGFLGRFVLVDFSVVKGWMNRCKTDHGESCKGQRSATTIPNSRLLTPLLDQFDLVKSEIPMLHCRNIGENPTQGQ,0,0.14112976
K2RDD8,MARTIALCKFVGTVSLGLLTGVSYTLSTSALPALLELPTAIHGYTTFLSIQYSAKRHIRLLTATAISTLSLAFILSPPRARHPYLLWTALVAAAGNGVDYALRHQEDELRDDASGSGERSWIDIEKGEDVNGEIVRNGVEKSRIAEGARAAISGLAFTLGVIGIWGDGA,0,0.0069220974
K2RDI5,NDHASCTCHNGDSYNWRITTVACDLYNRQKWANGKVYYDTPSGRCTQNDGTQYLMGNEWEAACRSAAKSGFPCADGVGTCFQSDEDEIRGWC,1,0.98416245
K2RDK5,TPVPSGSETSGDHINALARRTNVCLAEDGAIKRWAVNIDNDSAYNKQCGGGCLDNIRGRCGVVTDWGCERNGLDTGLYRFKTSAFCSLNDMTQALHACTGLTINCSNGRVD,1,0.95751077
K2RDK9,MMASTWWTWPSAVWIPSGTKRVMLVVRTSTFSFCTASRKSKPGDGRLHQNSKLFLTCQLISVIYSGISKEGRVRKGMNSPHFGMSLSCRSLDFRIFRMASVTTCHGQVSRLTMLHVKRIIADLPGFLLFLTIPSHHRKSMMLFLKCLSELQIILWVGPQPLLVFLRVYRMLQLLRPMKGFST,0,0.07514395
K2RDL3,TLDPCTSNSKGKVPKNPPCSPEESSDDIQAAECSHNTRVSGTQTFAVWTRTKTNSNGISYGTCEAYTCTAPTSDELGDNPDGWTFFWNSNGEESGIGTKCIQDPNTGECGCENSNGDFIVGSDSCS,1,0.98928577
K2RDN2,MTSHIPDGVSFEEASTIPLAALTAFMGNYVHLGLPEPWKPAAEKLPFLVYGAATAVGAFAIKLARLSNIHPIIGVAGRGIPFAESLIDKSKGDVIVDYRKGNDAVVAGIRDALRASGAAQLYHAFDAVVGNGSHTNVVEVLAPESRVTYVLPLELTAPPGFRYPDTYKAAGFTNVQDAYGANKQEGFIYLRWIFRMMMEGKLTAHPHEVIPGGLAGVGQALQNLKSGKASAVKYVFRVPETEGAGQD,0,0.013244928
K2RDS7,DSHSACACQIASDRGTDDAATEAMCKYIGGVTINAPTGALYPGKYCQGFQGHELGGDAVYSACRSQKCGETYCQDSTCV,1,0.9928814
K2RDS9,APAVGTAPLDVAVVESNNEPRAAAAAEVVQWDGVPADPELVVDITTEKAIEKRAIPAVVIAAGSAMGSAALGDLTTRAINAAVGLIGNIANWNAARERFTRTTTAEMWKRNPDYNRWKAAVCYNMAYDVRDRNNVAGFKDANFKLGALSTDYDCMYLGRGNAFWTRGDGGYINLSYTYQRGACTFDGRTGDLTC,1,0.9792084
K2RDW6,CSNNIRALNLAPAYHEGTVHIERLSIPGNLYGSRMLTQAARKSADFWYFDAFSSSTNQTLNIVFFNSGDSTQ,1,0.9936976
K2RDY5,MRETVVGVTQPCANLYSIDVHCSVCQYLITDIFRTSVNGIRKLSSASRFSFLVFASASLSLDGPSYQNFAILYDGFGLSIPPCLLISARTRTIPSLHTLLSFTSSWKDSTELDPATRTNEVREFRRAADRCGYWIEERSGIPLTAANLQSNNVSVDPSREHRLDQAAHELEFTLRLKDVGAERGSDGRPMGRWLREDHCYSRTVIASYDSGSDGS,0,0.009228456
K2RE96,MVTAQLLFKTAAVLTAVFIPGHIAVGFKTVHPALSSINTATRADRKVGQRGAQNAWNYLNASLLVSAALNWQWARTGGPQTPEETVALAATVVMGFVNSFRYAQVGEYAPLACLFVAPLLSLVATLKGQ,0,0.007092257
K2REN6,MDGCAWVFLWDECSFCHDERHGHLPSLYCRAHVIRLCRKYDWVGLLFVHVSGIFLRSPSPAHLRRLRTKDAGPCWKCFAYCNGIPPRPLHSFKSSISLSSYLAYLAARGRLYFTRLPLLPLVISSHEGAAWLPGSPLAAAA,0,0.055032525
K2RF41,SPFSTSANANVRAYGGLEAEDCQIRCPLSTEPGQVVLPALTQYKNASGEWENTIECWQVDTVSTELPGIDNAFRLDWEGGFDAAYQYVFYDQSFMPAHPAPEPSLIVMSSGIGDLRVPSGRCLRVGAGDIFFSVGTDGRQTAWWSEGTVVSDFYFKGGKIPKHDVVPEAPAGEGAFVVQTSDGEL,0,0.045039438
K2RFA9,LAIEGRAANVLFDITFHTGTQFSGESRIVQISTPAENSNQLPCQNLQGEAIDNRAQSVEVPPNCVCFFFA,1,0.9181652
K2RFK7,MASPGKPLNAWLVLAIGSGACAAFNGMFAKLYATPSHPPPLSTPTTLLTSPPPPSTTTTLTTTWSEHLSTFFSLSPSNKFFEFAIRGAFFLLNLLFNAIMWGLFTRALTLAHSTVRVSIINTSANFMVTAFLGAGVFGESLPGLWWLGAAMLVAGSVIIGRREEKTLKKGGGAADRDGVVVAGSSEEERERFLDEPDGRGRDEDEDEDDDAVELATVPEYGSEDEREGRR,0,0.0072590103
K2RFK9,GAFNKLIQGGDAIYASSWRCSLGFNVRTSSGAEYFLTAGHCTDGAGTWWSNSGHSTVLGSTAGSSFPGNDYGIVRYTNSSVSKPGTAGGVDITRAATPSVGTTVIRDGSTTGTHSGRVTALNATVN,0,0.14394706
K2RFL7,ATHTVMVGGAKPPTDPTGKPTPMLQYSPENIQAAVGDVVEFHFMQVNHTVTQSTFEEPCKAMAGGFDSGFMPNPDGAAGVTWSMTINDTKPV,1,0.9931804
K2RFN8,MCPVAVIVVVAGSAYEVERDIAEALFGVCEGARSALGRWREAGKVCVYRGNRPRRTHPPSATRPPPRPTRQACNPCRHPRRRRRRRAAIWGATGGPRREEWRCLARSGRAASHSLFGAGAAKPAIDNYSGGIAQASHGYTCSSSSSGARSSCAMEEMMMMMATNAANPSSANRRRRYCL,0,0.07097202
K2RFS7,MNLGMGFIFPMFGNMDEFWARMGSEMNNGTNLTVQTTTAIVWHTFTEKPLIGDGPTTVERTVTVTQMVKTLLTVTEVPLQAIVPTVIASACSAHAFSNATAVHTAPTTSMRGPLFTTAPFFNTSAVNPLGQPTGLNCTRSFNHTLSISWISALHTTLYTLTKSSGSLADSR,0,0.080758125
K2RFU0,LATAPSGDCNFSNPKFNPKEYCISYCAGNLHTTQQFCLDSDCIKKTTSEGVSSTCNCICIPPLA,1,0.9929938
K2RFU8,MDTTSTLYYIFLLLQLYALTYHFYHPPTGLVSANKMRLLKLLSASCAILASPLWSGEPAQPYQTASALVFFASYALFAWSAATSRPRRFGVIFADVFPEYVCDEGPFAYVRHPVYASYTLGWLACILQSAGRRGGLAQSSVVGAAACLCGLAWLYNWAADLEERQFADVRNVNSEGEKVAGAYAIYRGRTAKWIPGIC,0,0.0072331945
K2RFV9,VPVSDTKTPVDTVQWDGVPADREVPVDLSVEKAIEKRAGETVQWDGVPADREVPVDLSVEKAIEKRAIPVVVIAAGSAIGSAALGDLTTRAINAAVALIGDISNWTTAREGFTRTTTAEMWKKNPNYNHWKAAVCYNKGYSLKDRNNVSGFKDAKFKLGSLHTDYDCMYLGKGNAFYTHSDGGYINLSYTYARGACHFDGKTGDLTC,1,0.9894516
K2RFZ6,AAIPQPGGAAAGAVAAAAAPAAQAEGAGADAGAGAGAGAGKGNKEQAAGGPPEGAGPPEQANAPENAGPPEAEAAAKEEQQAEALPRIRPPKTPLPPRCRRPRSRPQQTRRPPKRPRRKPRPWLPLMSRKAAQDLEAAKAAQAEAEAKVAEQEKQIQELEAQVAQGGNGGGSNVVIVVGGGNGGGDDGGKGKGGEGQGAEADKAAQEAAAAEQQRAAEEQGMNGWETL,1,0.78893834
K2RG42,QNATYLTATAIVTDTARNASALQCWEFTTPLDVPTTPGIAGALRFQFNLSSAVEYAAIPPRFDGGLHNAPQNQFVVFASGLAHITLPNSTDEAWILGGENGLIVAVDTMGSGHFTAYPTDQTTISFALPFLNGEPPAHKVRSEEACHGHTQLVPN,0,0.048252527
K2RG65,MLGCILLYALLAVGLLQLVKKPLALLLQPTTNFETVFISNSNIPKIIHQTYANTSIPDHWKPAQQSCLDLHPDYEYKELGVAVPHRHVQHRAPFPVGDAEGILVAGEPQFRREALHLEPEGLRSRRREHVSQLPRQLMARRRREGHILDG,0,0.015141461
K2RG89,MMMLRSYQHLAKSLGLSALVSQVVDPLPAWEHASTLCCGVMQPIVRVVLLRQRCPCDLSHHYCIQYGQKPLFSAIALTIGCSGAPSHVPVGWWARGCRSFPGFSATPSILQLANLGRVFLLHVRSLTLSPFGACGCGDIA,0,0.012308547
K2RG97,MMIYSDNIRIGVLVLPGAQLLDTASIDIFGTASRQYFESIAAVPRPIVQKAPNVSIIYISNVTAGDSIPVTSAMKLHCDHHFSEPSVKPGELDILLVPGNDPDRQADDNLSAWLAAHGKDQTTDILSVCTGLYLCGWARLLKGRKVCGPRPQQLDLKQKFADQNATFLGHELRWVQDGNFWSSGSYCAFSYNRSKANYLNNFFFKGSISNGIDLVAAYLRSSGKWPKEVAEFAIQFAEVGDRPQSYGRD,0,0.0074216714
K2RGB3,ATLGQRELPAEKDIDHSLYICNEASFEGSCVYYPVELGECNAVTDEFTSGGNGVMSAVSGPNNVCTMFSEEGCSGDEIHVGSPGETDLGALDWAGKVRSYQCAAN,0,0.06946059
K2RGG5,APPTANLPNGFVKRDVGQVTFCTGENYTGECLTQTYTTNRCIVLPAPYNKNVKTFVPDHGNLVRVTNSAESCTMHGDLFLEWPGSIQFNNFEGVDYSNATSFLVQQCDNCA,0,0.31190875
K2RGH2,MAPGLSALQRVCLPNLLFVLRIITTATDVFKATTNAPDRVYDFFPTKLVMIIGFQLRKAVYVKLFSRCLKSDIIATISSKSILCNCYKACPGVLALH,0,0.06025984
K2RGJ0,MAFPLPKLPAWSLLIMPLTCLPKRMVWALCQVGAAALNGTESLVEDSVNGRQSGASHDLMGALHRVYGMRSGVEPLIRSISTHDFTMLAFFIDHLRSLLRLHRQVEASRLHQRNICIPFISLNDVHKTSVLSRLQSQNAGSY,0,0.03865618
K2RGL5,NLDVVTLFANSDAYIQEASATLVVGDIPNPITGDVALWSAIMMENEASFLQGVTENAPAGYGVATAFQQFGHGAKDSQPGILYQPWKQLVQLCICAHWPLLGLASRHTVRRIRSSALIASSADASSRQAELGNANVGPECLCQRRASLQRLDQYVTAECSSPISSCRANIINRQGRARLDLLHLYRVRSRHLRHCPRAQYVSNSPLYLERD,0,0.06466338
K2RGR6,APSAPQNDLGVDINSLMSSVGTELDDVSAVFGALLSEISAATPTATPTATSDVMSAIAGIFSANPTNIAQNAIQLIQNGLVPARLEGVIDGFSDESNSDDNVNSSPPGGPLYPQASDEDPSYEISESRLRGAINIP,1,0.970066
K2RGS0,LPIVLWPNAVDHGHQHIQLNDTFEDSTHIFDPVANFRFGALHYAITRRLGQQLDEIERRLDRVEEQLRELRLSEATGHSVKRTSKLE,1,0.98716754
K2RGV6,MSPPGLLLSSGSSTPSAVSAPPPRLSFLQARSKPDPHNITIIRRISEVTPFFLSFSAAGDFHTLSGPYLSSVVDTDGTTTKLVFDVHQYLDEDRAGNSPECVRDGLDDGLKPLADWLRTHGRKA,0,0.013980221
K2RH11,TPFNSLLPLSTAELCPPKYAPADLQRAIFYDFVNTFYTIGNTTEAFLTHVDESYIQHNPAILSGRDAAISALDGYFANANLTIMRTAFDSPYGWIHYRVDQKGLEPTAYIDVYRFNGSCVVEHWDVIQERPANATNPLALF,0,0.032730408
K2RH62,QCNIAGCTQLSCQAYCKSSGLDTSSYACTWLSDKGCSDCVCGVNGLPPPLGNAPSQDPTTDPGFPFRA,1,0.9908789
K2RHF2,MPSVSAVISSALLLLSTVAEIAVTSQLFQLAGGNTANNVKFTRALVSGATSYDILRSPESGSFESLATAPGNTYGIDDLNGRITFRIQTRNGNSKVDTSSDIPITPGDAGFGNLNTYSNTAPSTLNMKSDLVSGGTYYRHKYEADSQGFNRIS,0,0.09021747
K2RHF5,MSVGLAGYLIATASPALVARYLTFFLMLAGVNGPYNIALAWIFTTMPRPIEKRSAVIAIINSAGNVAQIYSPALYLAKDGPRYIKAMATYSSFCLACICATLFLRLCLQRGNRKIAQQEGTGAERADDKERAVGRTYDEGFRYVL,0,0.009730992
K2RHS8,ERPTRSQVPSSWLSMNHQPVALHFYFKHSAASDSRPCLLRKSIENDQGPFRLPTSFQVFQSAQLSPALSLYQLDTIRESALACCKPEWTCSLPASHAEVKRDNRLQETIRHYYSRTLHIYIDPKERLS,1,0.8476216
K2RI03,ADNYRAGAAGTACAANSDCSSYRCSNGVCLDYLGKGEQCTFDLNCGGDFVCVTQPEGRGECGMCIDAWEPCYGGRDNRAPNNGCCSGLVCGANEDSPTLRICRPPDLNPGTSS,1,0.9924172
K2RID5,DSHGLCGCQVKSNGDLTTTQTSICCNEWGGTLTNVPKSGIIKYPGFYCQHDWIDGDAFYDCCRNNGAGDSACPW,1,0.9911787
K2RIM4,DSSFGLTPFVEQVLEPANSAALWAQISDQVHTLMPGITCTLASTSTGVNASVPLPGVRDEACSTIEAQLQSVFPTISCTGEIDYTTLLENPASANKEARTRTLTRRRTGNAVIDRVEAQQESQANTKSSQFISSCARAPHPGNCRACAVGYGVSAVGDIGVCAAAAYGAAKANHGVASPTIIAGFSACGAAAIGRLVSNINACWTRVTKVGIC,0,0.23811935
K2RIQ4,CAAKDHERNSNGTDDAFNPTVHACNKMAKLTALSEIAANQTETDRFLSRAKNQTKAQGELDGAAAKLQAMSANATLVGTCQVVDAHEELKASCKQMAKLQKLVDASSNSTLKQELLDKAKNQTKIDEKIASASSKLQSMRSNTTLVTECSSLEQEKQAQNAEKGTSASASSSPSSSPSSSATSGAETIAVGKAALGLLATIAIGAATLL,0,0.33957478
K2RIR4,AETIQVQCTPSYNEAGKRDISWGDVQWAVLNRKADLRLPAGFWDGRVRNCCAPGRLRDDLGCIDAFVFKYNHPYTAGTTYLANGGVTCVKIDAGQTYTHFTECS,1,0.99428
K2RIR7,MVYTKGSAVPLVAASLFYSGLSSPANLKAPGLSSIACSLGSGEAHFKANEDSYFSLARTIQPTELIYAVGNGSNQSCWSVMPKDTTSSFCLKATEGYSVDSIGVSTIVSGIYFSCRAGGDTNTDTKSYACPYDGQHLVGVGYLDGGSVFLCMP,0,0.006923009
K2RIS7,APAQDKPKANEMMVRSLDDLAHVAEGAVVQVCHPNSSSRSADTEDNSQKLKRVKRCEVAAAAPDGAIVNKRAEHPDCEDVPTFITNW,1,0.9940579
K2RIW1,MEPFSASAAAIGLASLVCSVSVELAKCINTMRLADRDAERTQLELAEFGFLLEQFDSVAPRPDQDRTQPSTNTRLRTAIMEDGSKIAEEMGALLDHIGILKEKNLQTALQRGMAKFRWYVKKSRVLHLCVQFNHKKVSMIAFISSVGLESVQTELREMRERLKLLLSELKELRIDRSLVSGDTTAKRNNLRGQIAQFKTKCRRLERQE,0,0.009336235
K2RIX5,QEVDWQDIPGVCYSVCWEVASLSQGCAYTNGNNYIDCVCNNDVAPRWIPNCQACIAAVWRKDTNVNSLLNSCSFTSTTWTGATTTTGSGTAAPTTETTTTGEGTSTPSSSSTSVSRTSSGTRSSGSASTTDTGSATATGASQATSSASDFTGAAAPVATACFGMAAMLLGLPAII,0,0.08355079
K2RJ44,MVPPLIMPGSSVADTLSPLQIWPQTIAFSPLRRALDDARTTRWPATVTTTFLSPRSRQPTLSTTTQLTEVAPFPTHSLSQVQVWHCQRTLQIPASPDAEDQLIAHNETVLILDKFNFSDPHDGTLPADALVTLWATTNAGLAYPSATTSDFATQSFFISNSCMSTRSIAAA,0,0.010502739
K2RJU9,MSHGLLLLAISCPPTVCPRRGCRRLCPSDPALSPAPVTSHSSRPSRFCYKLPFRPTCQVCGAEAFDHSASAINGHQGRGTSPRKRSKSICYMSSWPFQTRRFGRWRAFGTCMSRPRAYAEETPELRMSRRLHIGNQHKRMTGVGVCRRKENEQQRVSSSPSAAFVGSFVAPLPFF,0,0.010013349
K2RK79,MKFFIQFTFYGTLQGLFIIITDAILFARDQQNGHHIDSHMAVLLGFAGLFTLFAVGIFGNTFFMTLRNLTTVEALNRGNATYHMSVLITPSWCNRRNDEQYPFRTTTYPGAPGALYAILLTRPGDNPWDLGTLKNWKSVMGNSIVDWFLPLKYSPCTNHDRQDSEFEFGPVVETVKREATGY,0,0.012047819
K2RKA8,EPNGCKQVPSCRQAKRYRCILDKKSCGPAGDIQWKKKKQFVFTPNIAIGGSELFCVAITVNQNNKEQYFYQLDKGAHDCTVNNFKQLGSSDNGKVDIVKNRQPPVHIKIRNIQLPNAGCVLSGGIDEGFVVILDNER,1,0.99452496
K2RKE2,DFPGWLAIRCLLYPFFCVFNSTLFSRKRTHALSLLICFLLCRRARTCFRGVRGYTRTTYLPVRAVRTTCPRSRWLATQQTLSQGRNSQNGHLGTLVGHNGWAFGHLQVDSGGDLEDIAASSRLCFCTSCLKSQGFSLAPESYTDCRASAVCRVLLLLPRAVYNVSMRDCFQWELSGFINFFTLTASFSKATTATTGSATCISQTASNIQLLVLRIP,0,0.04293002
K2RKW5,MLLLIIVSYLLIFIKHGSYSLCITFPVQKQLCPSHSLQNLHCLIEWTRCYSAIWVFSISNIAQWRSRIFIIDDSSYNNPTYFLKQSFGAVHLFHPHYLLPFEAAPISGPIEKHRCPYTHYRMSKHQCSSPPFFSFAL,0,0.04676383
K2RKZ2,AVLPRATEHKIYVDTSKCADSGRTLPQIKGISNSTSEDFTDPQRFDGPTFTFTVPAYYQGHLWLYDSDNQAASSGENTPLDVQGVDFFFYDQPTEVESNQATVPAEGSVNQDGKTYYVPDPITAVRFASTPSSQFIEGKTGGTLKSTQVGDALYVYYCEEWPVQN,1,0.9939107
K2RLB3,MKCPGSSSAHPCPSLPRPAFSPVDNRESYYSIPSLLHRLAYQCTPLFFLFFFAQSLPYFHLTYIMKSFVSTFLFTALGVSSLVLAAPATQPESEDVQPSLLSDVGNAVKDTRESVDGVVGSTLAGATGIREWSSPVPE,0,0.02412669
K2RLI8,MIHLLKEVVNVIEVSSVDDIDLGPIYAYTLRTLIGKVENAKPVCAKAGGQFPDHTSTEQQQNAASMLSDNYPADGNATFPPPHAAVNTPSSSSRETTSMATSTDTAFTQDMASGEFPATGEIASFGYPSGSGGGFGDSVTTTAMDTDGIGGDPADWSQWLAFQFDPSFTAFEMGYMIDAANPYVSNM,0,0.042663444
K2RLX7,MVTSLIVRSISLLTFAYISSEAWYDLLCRTEYLHVQFPLRESRVSNTHAIYYREKMKAQSYISLAEKLKVDTSQAVTGPTRGVLVVPNSHLSALASRYNVSTVVADGTK,0,0.0073321923
K2RM14,MPRARWPRFRSGVLLIKAVCSVSTLFCPATTSSRSKIPCDLGSFEDTYHRHLIREFSFTEQRGKEKWTAYKFTKSIYEQWVPIHLARISSAIDQIPLDPDFSVGHSSEPLFSDHTGLSQVIETHRLSQSEDAASLEDTSGQLSSVENSDPAPDTSLSQGTKRRKRNHSKR,0,0.06860312
K2RM52,TSDRVIYQGFNSGNTLPDWSAKNESDFLKEFSTFPKLANSPGMFNSVRLYTNIQAYTTDEPLSAFSAAIATNTSILLGIWCSGTTNITSELKALTTALDRYGSAFADLVLAISVGSEDLYRGSAIGEKDGAGIGTGPENIVRFINDTRTAIQGTLLENKPVGHVDTWTSWVNESNTAVRRPHVPATRPEEKGEKKKS,0,0.01717481
K2RMA6,QDIDNNDVPSVCRSVCQSTVDLTTQCDRQNDDNDTGFINCVCSSSNASSFIPECEACVAANDEADNDVRDIVRSCSFTQVSTWNSAATGTATSGSASLTSATAVTTGSGSVSGSTTGSTTGSSATGQTTGTTATSTGSTGATAAQSTGAAAPAVTAGLGGLAVAILAGVPALL,0,0.09947375
K2RME7,EDSWGGAVSLGPTKSTIVNAVTTIIPGTPPSSQNGELFLWPGMSNGTGDLVQTTLEQWSDGNEWCGADSSQWCIRASLFGSFGQKDAKASAVDGDVKVRIEYNLMDDGTTWEQIVTNADTGDNLSYFSYDSGPYMTGYGTGTECDDGCTGTASEQQYLNTTITLASADTTFGDTLTSSGSTTKTDIISSQGGKVWTIEKITIPAMS,0,0.040188473
K2RMI2,MVNFFTTVVGIFTRLINGLTALTSFLLFVIWLHTRDLYYTIANLFLPSRRVGRVVPPGRPGHRAVWPNFKAPIQASDSRSPCPA,0,0.021473622
K2RMI8,EGDKTTSYSTVTSTRTVMHVVTETHYSSTEVETSTELIPTPVTLTPSSSAATNTPVTTPVVYSAGNSTTPVGTGSFVSSAIQATGSQGAAASASPSSPASGAASSLKIDAAVAAVVAGAGYLLL,0,0.052674912
K2RMJ0,QDVNSIFSSITSEIGSGASAVPSQVSSAVSSILSDGSSLASSLSSVAATATGSLASSLSSEINSVTSSLGSELSSATSAGGSALSSATSAAGSAATSASSAASSRASSASSAASSAAASATGAANNVAIPAMGGLLGGALAVVGLL,0,0.019731615
K2RMJ1,MIHLVIVCGSTASPLAPFASISFPDSELADQLQNAYFAYRWPAMPANHRHTLLEKHFTPAMALEDADKVSLFLTFMVFALGAMDLQRQNSDLGGQHLNFFKKATHSYRNGPPVLSHHFPEAQSPRNTWG,0,0.0072108293
K2RMN3,QDVVPRPAAAAVTSIIDPATQATGAPTSSNDSGSSSSAADSAAGAEGADDGSFKMSKGGMIAIIVVVVVVAVGGIVSTVLFFIAKKRQWEVRKSLKRVSRRLTGRSTVDVARNNREHRRTAVRVASPPPGQNRTAGAQENRNRDLEKGEKKPAGRNQKPTMSAFSVETPVVKSWKDRVFGYKE,0,0.03297667
K2RMQ7,MPQAFDYASAVDCDAKNSACRTGANANQATCSAAYTACQACQTANNACRTGPNANQAFCSSQIVGCVANAYSFLSTSSSSMRSTSPSSSTRASTASTTRTGSRSTTRTGSATSRTGTASRTAATGSRTTGSRTGSASRAGTPTASGSASRAATGSRSSSRVATPGASTGPRAGTPVQTPVQYTGAAYLSGADLGMLGAAVFGVAGFMV,0,0.08658715
K2RN02,MLVSERRHEIIAVVVSRLTTQSNSFSYSGLLRGFHEVVHEQLAFVGEVIGGPLLNFSQCQICSRHRNGAHYVYEEVQRAFPFLNELCGVVFLPLFHVLFPEICCESFLAPRTVNGVRNGCERGAGLILSRILQELRERQVSKWKAPYAKGERIGSCRARLRRHTRVRAPCPPTQSPVTLTRLPSSSSKNPNSFSGSSSVRYVYIL,0,0.30244154
K2RN15,MCSGPQVSKAACRLCCCQPSQEAHADSLRGPHAGQDSDPHQPEEADSQLVAVATQAGGSEHLGREQSLKGWVLMAKTERHRGLEHGENTSRAAFIIIIRLLSSLFLRLSHGGPSGSSGDKETQVASDLQSIKAQEGGGPQRHSIR,1,0.9345418
K2RN52,MRLLLTPLTAGVEQSHRVAHDRHFEGEAEEHEPSSSSAPYLSHFRWATTFVWAKLAFSVLLTLRLALLVGDPVGRLVELGGEARRVARELRRVVGDGGCGVFGDERRGVKERGAGVGGGGDDGRREGERGGSQEAEYFGILETSVEKFQMAVGARVRGDADAARGRGPVGGVAGAEGVHSGQEEGGRGAGAGGGDRRERGDDEGTQAEADFRTYLPKEFSFDWDFPGLNLQYIPLDWEELFGDFDEII,0,0.032443907
K2RN82,MRLLLVMEATMRTHSSKGSGGQLLLLLLLLEGWGDSASGVMACEVAMVLKGGEWELRVAWEMLEGRGEDLVMMGRGRARKLRRVKERYKGGRRRRGWQGREKLRSASRRPDTERGEGERGSSVTSVCAIGDPRSQIAVSRLGEWLLLLATERRGARKAWASGSKCRVQKARDKNVSHPTSSRLRGYLRSNHNNFGRSIGKHASFQRHEFSPLVFCM,0,0.08200082
K2RN95,APAPIPKAKPADVDNAGVDSVEADKFDVPTYLYVPPKSDKQPTLAFDPKTGGYILISLPDEPKKTSWKREAEPMPAPEAEAEAVAVAPDNLAPKYGYYGRPVFIPGGRQPSSPQYWSSTDVRSSNNQLNGLVNLNDVLNDNTIDLDILK,1,0.9936149
K2RNB3,MVLVGSSVFGGNVKLLLNISDPHAPRLGDDAHQTLAGVAHLVVLIQAADALLDDSSGGAEKGVFFTFGGGFGAGAGSRTRTRTGLTRKHLGHGGEGREVAE,0,0.10192831
K2RNC6,MTRRCSSVVCSWILSLIFENSCLYGFPSKLANLLNEHLPKKWTARMQYSTTSLKSPRRAALISISGSSLSYNSTCPIASVKVSKSRRTCSVARAESSEIFSTSLIRAQIGQRKSALAWNATSMMFERPWIEAVHFWSLSSRAVDLRASKAFLESSKTSRIDIDPFWHCS,0,0.11013913
K2RNH9,MEKGAGAYQTKFEASPSIFAPICFLVQLCAPSAPITYMALMTSTRPDLAFACITELSQSSGDRLLRKSPFRTSAEEDSYTDEGFASSSLSVLTVAVAEYAPGGHFQAFHHTQATLQSLRARCAN,0,0.13009389
K2RNL6,GAAGCHKGAYFNPRKTKLPSPATHLSVSGRNTATSPTTIPAHITRNQNTARNPSVPAMIPPITGPIATDTCRTPAKVPVKPPRSDAGAMSAMTPAPIEMVEEQPAAWKKRRVVRTGMEGERARPILERRNSL,1,0.95721424
K2RNN4,LPHFDNYPPLDFPRWDDIVNETVGSGNWHNGSNLQAPDALAPNFIANNFGPKDLNSEGGRYKVVAPLMPELGFDPAEG,1,0.9866729
K2RNN7,MAPPRKALIAITSAHAPLYPDGKETGLFITEALHPFNVFKKAGFEVDLVSETGTYQPDWLSQQKDWLPDEDRRVWEDHSSEFRSKLDKLLKPSDVNWKEYGLFFASAGHASLIDYPTAHGLQSLASNIYASNGGILSAVCHGGAIFPGVRDPTTNKPIISGKRVTGFTTRGEEEEGVLDTIKSWDRPTIEASAASSGATYVSPPGPWDSFAVTDGRVVTGANPASAHKTAEEAVKAFDAL,0,0.0073952107
K2RNY9,QDPNNFAADTMPQQYSYSYSRVNTPAASTPSSSSSSTAASASSTGGYSDDADAFLSDTQPSGYSYSGSSYATPVLGTPAAAGNTGPSTPGSGSGASITTPGAGGAAVATPGTTPGATLSGSSNGSNGGNGTDSNGNSTASGSHNGSHGGNSTMTTKTASKSKSGSSSSATSTSGSDSDSSSDGSSSGSSATPAASSTGAAVPGAVVSSGVVTSAVLAVAGWMLAIL,0,0.089007825
K2RP14,QTKPDPNVDVSVFELRVFSNETAIDGKPIVAKNGLLAVNTASEANCTDGVKYEATTFTQFLIGLTTYNPGGNAQTIYVGTNGQNLQVAAPGAAPAEEQVPTGFRQIVHWDDKLLQFRGAGFQACPRSNFDEWIVSVQPGALPTTPECNIFDAVIVPKEAATAPKCTYN,0,0.09717612
K2RPJ0,DPINGSAHLKYLEAVDKVYVKATKDKRAADAEPTNRDAILKFLGEQGLGDGKGTSGAAGTGSAAAAEAGKVYVKVSKEKRDADPTNRDAILKFLGEQGLDDEKGTSGAAGTGSAAAAEAGKVYVKVS,1,0.98738736
K2RPQ0,MEVYFASDDPYWKAAVLWVIVSVEGNFGIVCGCLPTLKPLAKMLFPRFFASRSDLAAQDKSIELAERDDSVNSEEGGEAVAGFPFGNISNPGRDRNGTVSEVEIEQVEPRADIQGRRIRRDDEVWAEVDTTLPAGGFKVLQTMALHGSRRNSTQLTASTGSIEDDSNSENHILRPWTGWSKEC,0,0.009849767
K2RPT9,MNTKVSFINTFKEMFKLGVYVLGMWFLLWVFGLTFPNSTSDEDASPRARRVRLMRARQVQRGRSAGQDNVSADSE,0,0.063220836
K2RPY0,MICSACHLCSGLLSSNTSNLVPLAIANTTWLGTIGVFRCSSKWRSLCSTGKLLSLLKDAATDFIPGHNAKTLRRVGGVVDVIPSGEQRRDKLQDVSFNGLQGQCFGNLCPNRKNRDRLSVVTKVILRGQSHRHPGSSASVFDYPEI,0,0.015641518
K2RPY7,TGPFFKQLNGSTWIIGNDHWNLTQNYKYGTKLYHKGKDLVGDAWGHYVSYSASSPSPSPSVLTLTRRLPDGAANDLAWLNASIVHRTPDYIDVAFTAAEGDFHWVIYADLVGAYQYFVNRALPVLGEFRTLWRLDNTSFPNGRTTARDGELPPLSEYAAATKVQDETWQRADGTFLTKYDWSAFVREQDYYGVYGDEFGSWYIVRRHPLLSPRRLL,1,0.6910981
K2RQI6,APNAMPVKELSWPTTEAPVLEDYRDISSGVTQDNGDDDDADDESYLEKRGSPSWVRRVKFCENANGGGACNVKDFRPETGCYNMWSWFNDRMSSIYLAPNTYCMLFSDSNCRGKWLKAFDPGYSNLKVQSLLNDKVSSMRCYAR,1,0.9922008
K2RQL2,RWGDGVYAQYKFHTSSCLPGPEQDVCAVRMTRIRIVSPNLIPKGQSPKQRSVIEDNLRVDMLHAYWHGRSVQVSSGRCRFQGAVMNTPKSSASPRDSANYARAREHLAAGWSLLNSVE,1,0.9921818
K2RQR9,MSLTHSVSTCCCKMAFFFFLNPTASELPLTVKHEESADANFKSSVFCYWKCWINHVYYTLPSVVYSGEDKRALHGRPPRTTCQLIPIDSFIIDQAVTPLVPTGKNDRGQTSNYKSLETSSRRNRYAVPSNQFRIIN,0,0.15494297
K2RQS8,MFLQALQVLFSAELIQNASSASLSFSIGATAIFITLFCLLRLYFPDLALSWPLRSPPLCHQRGLCPARHSQRLLRRAAACHRNLVKSCWYRRSAPIRSIFSFCGWAATPRLLQSRSRALVVIHLLLSQSQAGGHPLRRFPYFRDV,0,0.02468515
K2RQT8,MLQASLLCHAVSTGTGKSLRWGTSCLIPDHRLLGTLGLTTLGNIRHSMDSAISVATPYRQQHVSGSLPCGLRSSDRPCHSGCRYSAPPPQSFPQEHSDNTLLLHAYPSFPRLRPGDSVPRVSGGAIQEIRRSQDLLRLALEHPGAAPRVSAGDIQERRLVRKERQPKEDSL,0,0.3632983
K2RQU1,GVLHPRQDDRPYRVLEVHVNVEVLVQPVAIATFCAQNTVFAYAPSNFFTVTNAPTFISTVLTATRTTSVSSYRTYATERPSGYGYTSAQPSSRAPSTVSSRTIVLPTTSFPFLPTYSPGSSASSVYASRSSALPGPEPSPSAISIFPSSELLEHIRTVVFELAIWYSVVLTEL,0,0.06264908
K2RR12,MAEDADQASQAPLRNVATNLFTAGLYSISEAHCNTGGNYPYYKCIGCTQFEVFAGACGLEHDYKVFNHFW,1,0.6089267
K2RR28,GTIPTFAKRFNVTEAWGQWQVTNLTFYDSPSSDSLSFQLWWDNGYSGPVQCSASLYSIQDDSWYRCAAREGYGDNLAFALSENWENISISQKLYQSGPRVNLNGTAPLPIKWENTIAGRQGAGDPFYVPVLSVSYTFGNGTTSPTEYSTRK,1,0.7801219
K2RRI2,MCGNSSRLSAGGTIAVLRPPPHESQSAAANCTLFFDNSKDRAGRTRAVFQTQGGGGFDNYMGYFMLIHRNGDLLSRPPLSEEARNALYAIQLKPAVDEHHSLAQLDLADRLEFAVGGNGVIGRKVSIVTDLSDRGTTLAEGIIGWN,1,0.9938372
K2RRN4,MAAVLAANMHVAAFFVAVAAATVLVARSPVACRILDAMLNVSLTAFMWRHSTHEIHHRLGNRIPDSLLSEHCGRTKPQRPRLQIPQWADERQVPAWEGNVLHVEREVRQHLQNLERIDSRSVSSAPA,0,0.043599464
K2RRP0,MDLFLSAVTTVSSFLGAASNHTQHAVTSIQWTQLPGDAQRFFARVAGAGTNFIEMRWDDLPDKTKEWIKAHPYQTAFYVAHGIVIVAPTPVTAPLIGAAGLATASPAAGSAVAAIQHALTTVGTGGVALRTAVTTGHGAPAIADGLQAAFAIGTGIYGLWAYFAGAAAKEEPPKAAPAAEESTGKRTSSKRSKTAQVPAEPRRSALRNLFSLRRRKTMA,0,0.024433091
K2RRZ5,MEFRHVGDRARTAVSRSSILHLISCYIARQSRDLQQIPTAKSHQSMHLLVLNADVSAQSLPPRVFEIVLLFLLPFTEALNALMTAPPPMLAHPHLLTILTREIKKLHQKSAVRVDKGRVNVAIENGTALSSPDYHSSSKLFEYTCSSYGHLTIYFAFCFIFNAPHIHILSARHPCHLQEETGQYSSGNL,0,0.047027715
K2RS03,AAIPNPNPNVGRAVLAARDDDWDDRGRDGDWDDDWDDQRAPDDPAPPAKSNNGKGRDKKYNVFHPDFFDDVDDDGDWDDDGYRAYIKLGKPNQNVPPAPAPPAPAAAPPAPAAPAPAAPAPAPQRSWRDDDDDDDDDWRGHPQGTKYWDGDDDDDDGWDDKRRRSLV,0,0.2738726
K2RSD5,APLESPDKYGSDITPIDIDGDGKISKWELGQKWQPSAEFFQFILEHQQKSCQQQPQPFYKKRDAAPEAEAEAEADPCFDGSCGKPAYYPEPNQPYYPEPNPPYKPGFLPPNKPGFLPPGKPGFFPPTPQFPPFPPVQNPPAPNGPCSGNTNVAACCSGSNCQPMDHGVLGGLLGLGLDIPILNNACQSNQQLNCCNQQGSILSNCGSLIDIL,1,0.9293971
K2RSF4,DDGDSCGTNLQVCNPPGASTTTLPALGPDLSGLYLSLLDSVKGISFEKRAQQHHHRRRDNTPSFCCATGTSCLTLSTFSLPFCYDKFTTNFLFPDGSSGTIHTGSFAAADGATADLLAGTYTNGSTTGNLYSADPAAKPNTATLSIPPQYTASGVGSAIPLTALGTVVVITTTLYHPDPRCGKW,0,0.16291595
K2RSI2,APTASEAGVYNGLEARSGEVTVCSVLTDLHAQIQIHTGRINATYVGQSQSALSQIQKTTCVSTVKVELSAIADIVTSATTKLHGCSKAGAENDVIISLIVKIVFEIVCTINGVVAYLGASALLLLNFTINLVINVLGSLLLAVEGIVAGVLAVAWGLVSGVLGLVLPGVGSLFIGLGNTLHGECGCVSQ,0,0.053913858
K2RSJ2,APIPSSTGPHAPTQHGSVADARIAAREVSSSTRSAPQLSEKRFIRAVKGLLKREPEPKRFSLDDFTTIAAANEKYDGLRPEGAGFVGLKQRGTPGWSRIF,1,0.98814386
K2RSS3,MRLNHALWILLNPVLCWACHGLPRLLLGASRFSIFSSIFSYSIHSPPIVRFTSGLTRCLSAPGLNGSCLPRSLLSLHVRCTVHWPSRCPSLSLSSSHLPRCRIRSPPNPRRSPMTTSPQGYHASQIHPCAHLLTSHALPAPAKEAPPREDQGAAETTQVIVNAREDLERSQCSDLLATRRRSRGWLPDSARSARMGPGSLRLCWHNGHGRWVDRSSMAIADRRWQRRRSHGR,0,0.007806266
K2RSV0,MELSLFTWLAEHGLALSRAHLWVCHQQSCFIRCPEAGVCRRQSLCFWRKARQTKASVRIRRSGLPRPEDATLSEDKRPASSMAFAGCGIALAESSNAIERQLPSQARPIVTFPSLVVLSSGGRQTPQTQAPEPHRREANAIDPQQPIIVCFIMLLVRSTPAVSWLEHRHGKASFPRVSSQR,0,0.046432972
K2RSZ1,APTWEARPWGDLQNRKAWAEGAREMDNNAWRPTTPPQRDVDRATWRHPKLQSWGGHDGWFPACDASCNPQYNPNCIRCNSPIPPAPGCDPQCNPLYNKNCVRCYPENFDFPPVPCDQSCDPKYNPNCIRCNSPVQPAPGCDPQCNPLYNSNCVRCYPDWVR,1,0.98774904
K2RT94,APALSDDVSEAHSAIEPRQEGVGVSVTASVSVYIALQSCYTQVRNHTGAINQTVNGVGGTGASWLQQNGAIQAVRYELNLIGQILAATTQQLSVVGGNIGSDINGLVAILLQIVCEIVYTLQNVAVQVGPAVVVILGIIINNVVTLLAGLLLGVEALAHGSLRLVWDGVNGVSGTFNAAISPIVKALGYLLGLQ,0,0.09496137
K2RTI8,MSSGCCFTGSSCTSTLVLLAVSQVGIAGSASSLNFLSLETSKVAYCGTLVWFHPGPEYIGGGCDWYCWLLGKAEGGGDSTRLWPFRGPGQQALQQLRQPQQHSAPQQRQRAQQYSSEKTMRPPIMMAAMTGHLRIGLAPPQGCFPNGR,0,0.027530648
K2RTY8,AQILPSADGGSEDERQISFDRLRYDALRIIERGRNSPREQRRVKEKSPIARLSYFCRCRASPNSESLAPNFSAVDSIACRCRRVTASLEEAKGKEKSLSHNLKTFNRMRTGGSLNNSLATGGEAIYHRANSPSGQEKNRTEMLLFGMPSIEYSTL,1,0.9912951
K2RU03,MEAVGVLASLAQISTSIYGLISTIQNVQLQVKHAGAHFRDRTEQLRDLQSVLDSIQSNAQLHTDIVAGYLRRIQEKVIKLHELLGKRLERLRKVSDLRFWLVFSVISAGRQIDESFAALNQDRDDLHFYMTSLIPAAMPGRSGAAAPEHSEAPTDAALAPSALLLVRRINQSNAPECPTADCAKRERGEQTHRTGDGTFEQTFDKIKATGQGSVLRFGH,0,0.029793575
K2RU06,FECSGSAFEVAIPSNTSVTLVQTVSQNGTFEAPAGDVAYPASPTGLRALCALQIKAPAPGNTSYEFGLFLPEDWNGRFLYASLKSIIAVQSTPNRLNMAVGNGGYAGGINWEDTDCSVCRMGLSAAREARKLGPSRAPRICRARKADSGEFLR,1,0.9248538
K2RU62,QDCPQNGPASSLFQSCGQVQGSMNVCTTGAVTSCSCSVLAHQSACYQSYKDNYCSNWVYQNDYFSANCGDNYADETSSTRSSEPASTSAEATTTADSSGAAQATGAAGSFGLDSLLMAGGLLAALF,0,0.030740058
K2RUD2,FIPPDPPLSIPGPPADPPKVPGDGIGSYNSKDASIGDRLDFYEYRAMAKAADTLGLNNAARNLDHYLDNTGDDLYEVPEAMMADLPDFKSLVLNLVQTEAKKAYKAAATGSGSTQLFSTPWKAYDYSYKFNKDWFYALGAFSYSVAGIVKAHRDSSKSKSYTAEMSYVVYVFDRYNWDGGKSVEIGPFTFKDEDLGRM,1,0.7930768
K2RUE1,MGPAFSTGPVSSGSWIREATSTLVLPKAPSGSSGDASLWVGMGTSNGDLIQSIADNWNSDSWSIFGYTLLSTGANSQMPVQTDETAAAAGDKITMHYKFDDASGNYTQIVSINGKAVAELSTSDGHAQGWGSAVECAEENCGTMPAHSWEDTKIILDSADPNYINTMGKGEGVTGEMSTSDGGKTWTVTTINIPEFTFGSS,0,0.019140512
K2RUH7,MNGLLIIFIAGQVAQPYVRVPKETQIDFEVSASSAKKTSQKVWISGKLVSQQEDDAGWLPTYLYSSNECYQDTCGTLNGYTWSNLTITLSAADKAFGNTLSLTGATGSLDTPDGGKTWTGSIKINKDHFPASN,0,0.074418224
K2RUP9,QLGAGMLNPLGGAGLTSPLGGTGGDGLVGLNLLGDIGGSPLSTLSTLEDSYTGAAGELGGLPSIGGGIGGTGPLTAVKYLGDGGKTSIAGMVGGDLGANKEAEASGLGGILDTAGAGII,1,0.959
K2RUT0,EADAAALPIVPAAAMLGPYGLKVSSSSAVATPSSDATSTVTVLASSTPAASSTPAASSTVVASSSSSESSSISAVVSSVPVPTTLATVANVKLVSTSASSSSYIPTTTANVKISKAAKLKPSTAA,0,0.38392255
K2RUZ7,MLTIVRTPAAGHILFGEVLSHLIIAEVAGCLARIWIMRYFAQLKQLLVLCSGGRHGSAGGLVEAEILRTCALRAKKVILRGCLVLGANQGIDENDAQQLDRKCIHLPAGPLRPGNIVNVARDIATSVGFAGKNGSV,0,0.09774831
K2RVB8,ATYEQFPAGGLSCPTGAEGSTETTLAELKAAADSVVGTTPRETSASNLASGKCTSLSLPLYDLTSTSSLCRPALARLPSASCTTRARTLSTSAPVKGPTRTETVTQMAALNCRLRTSGRKMKIMWNERIVNTSRRCTRIYEMCETRRTKDQIYVRRMERRKSFKRTEKQTSGEYETST,1,0.9909877
K2RVH5,MTAMASTTCITVVAAVGAPLARGGGFTHMPVLPARGIAQAVHHPAGRATALLIWWLAKLLFKVILLGETATLPSAATPVFLVAVAAPVNGKIVLEAWGRCRNMSRRRRSLRKRRTT,0,0.021185583
K2RVQ8,MVPGLVAGALGVEVGCMGPVVAAVVALLAGAPMAMVMIIAAAARWNSVWDGGASCAEKCCGKRVSGEESGSFSAENGAPYLAEFLLSKFATVGACNLTPLSPGSTNKSHKGYYEAGRRRSGQILFCSWLGTCGIYTKKVVVTDRPNRYWSCRPQCGTTST,0,0.06905123
K2RVZ7,VLSLQDQSERRTDQQSARDPSAWMRDKAHVKTRATERTPGDRKPIFEDSHVVLRNGLLYIQSTTQSPQIPLHPFTGYYLPYPGAGHEGIVSTISENPPQLNWIYVDPSTYRVKHGLRVEAERGVTGPWGARMVDGKRHILWRGWEGFLAVETSEPGLWGLYFDCQDNGMKGMFEEDRRVVEVELLYEELEKDKHS,0,0.046196252
K2RW81,APVQDVHLEKRKSWRHCACQVSSHGIIDYVSTALVAQYNSWRWHLEDFPKIAGKEGAHYTGVYIVANSGKIDGSAFHKECLLNGGADSTCF,1,0.98066795
K2RWA5,MFLTATQWYSSTVLSAAFSGLISYGVFQLGGSLHGWQYLFLVEGGLTVLIALLAGLILPKNPWTCRWLSDAEKELCVLRAQRDSTSNVGSAWDFHEGMQPFKSWQVRLLSPSNCPTDGLCHSQNQSVRHSWRKAARVVKAAIWTQRRSKYYDTCIQTTAYATTHTFLQPEQSFLNPPSTSIDATVSNTDMPPPATQSPPTSSAPSSSS,0,0.0110908365
K2RWC7,MLGSGTAFFAFPLFSWMRFCDLHATAGVGGYPQAQIGASTFHFSLCISFLRSKIRSGRNWMDRAGRNITTGASYGQACVEAALTLFFVLCFASAVSRHTLVRYLLAKCCCSLFTIARPHDVPGDDYNPWLLVHANAESSVEGTC,0,0.03775509
K2RWG3,MAVFFARILLLLRTTCFMIPQPSPIVLLFANGREYASNGLVLDAKIEDFVQRPCQEGTVRIDSDLGGFASCLTRMDARICRSRREEMIRRIAARLDVAAERFPRRSLLFVVPGSVLSVDCTSIRSLPVDVALFTRLALLLFRS,0,0.08902197
K2RWQ1,MEYIQCSQVLLNTWGLGISRRTLILGACWVNINSAQRRDGRSWCTRPNGHRHARPVLVEEAGKVPNEGAVRAHTDGIQAGTRPRVTGRDASINRLSGGPEQGPHGAHSLWTGRTRSGRGRAAGSGLSRVSASSIAGGGLPATAEFRSCVCLAEQDRRHGCGKEQHWIKVRYD,0,0.055647094
K2RWS9,QSLTPSYITVVTYEPCSTSSTPPPIVTEVVTTCTESLEISSSPTPLPTIQTTIYTTAYVTICPTGGLTSTTYTVTETYTGSVRPAVTSPSSSIPPGFTTTVTVCATCGPNGGPSTVVLTVPCSETASSRATSGIDLPASVASPSSSSGPVSSSSGAPSTATQSSPSPSATPSGTNGITTSPSTSTSLGSRTGTASSDVPDSTVVVTVCPVSLSGGCIHSTSTITKFWKAHHTV,0,0.29748318
K2RWT2,MANFLRNKAVWAVSATVGALYFVPKLTGNKSNVFETPGTQNIGNRWSAGGGAPTHTPAGATKRGDPNSVEPSTHNPADVTSKAFQDNIASQRPGSGEVCSTVVDRPPAAAYSDNRRLRSPVPLRRLGTQRTTAKIKANDMPVNSTNHLL,0,0.008743091
K2RWW0,PTDLRYFDVVLSANLLACIGAHSSAVIVQNGQLVDIVYFDRVPLATPDPRPTEGRLQPSEVRPDELFVLFRLKESAHLGRVVRVPYDSAALNLLCSFL,1,0.99309397
K2RWZ2,AAIPSNKRSAAAPAAADGAHASLLESLDAFAAAIPSKRAADSADSRAQLEEALNRLGAAGTPVKRATDEEEQADSHAELANVLNSLGSSKPAKRATADEEQADSHAELAKVLNSLGSDSSKPAKRATEEEEQADSHAELAKVLNSLGSDGTPTKRATDDEEQEDSHAELAKVLNTLGSDAPQ,0,0.21715811
K2RX25,MYARGNQSPFFPPASASGSGSQGANVNVTPFINTFNGMSVGPNGSFSSSTAQQRKGGMNPQSSFSSHGQVPQHGGHDQDVSAESLPQWQDIDVNLPIAGDLVVRTEAAEFTWHGKVPGRLKVVFMPDGDAAAAAALATGAGNGAVGGGGGGGAGKPSPSSWRSVNNSD,0,0.22432503
K2RX66,QDISIVASSCAADDFLAAAGAPGNPCEATDYVCQCTTGKQFTQDYLTKALTADPGTCTPQDIAGQSCSLAISHQAREEKTLC,1,0.9730055
K2RXA6,MLGFDGFSGGLPGLFFAPSSVFGWRTSSSSENALNEANLDVKTFLLVDFVTPVALEVLAVDTEGWALADVDDAWNVLLLGSVLLLNDEHCVSGVWLGAECLAGFGGGIEASRASARSVEDADERRTDTVVVGFLLEEYLSKSSSSLLAAARLISFASPATEDLEACTVEGLSVPIFLGGGFNGAPT,0,0.09000902
K2RXN8,MVIGYIDDVNLLAISSSTEENCRRLTAAHAEAERWAAKHASVFATRKYELTHFAKTPSRFRMGQGITLGGRYLSPSDSCRFLGVFLDQKLSGKTHVQQLQARATTALTALSSIAGSTWGIPTLGLRQSTDPSYCRGFCTAAASGPWKVYAANR,0,0.012472908
K2RXW2,SPENLKAPGLSSIACSLGSGDAHFKANEDSYFSLARTIQPTDLIYAVGNGSDQSCWSVMPKDTTSSFCLKAPEGYSVDSIGVSTIVSGIYFSCRTGGDTNTDTKNYACPYDGQHLVGVGYLDGGSVFLCMP,1,0.9886374
K2RY08,QDDSSASSAASSAVSSAVSSVASSVASAASSVSTVPYSNGATSFLTMTNSLGVVTGQPTQPAVATSQPEVATIPALGSGLYTIAIGNHTDIVVSADSTVTSIVSGAATIVGTSSGNVIISASSTAASASASETGSSASASGSSASESGSSASGSASGSSSASGTASASGSAASSSSTGAAAAVKVASGALFGAGAVFAAFL,0,0.042317227
K2RY26,MNVSNQKSKNRPRIQFPLHLIIPTLLIITGPSRFHNSPFPTTPHHGRRHGARSATTIEKGHRRSERRNGSASGKSAEGLRSHEDVGRLIAVQLWIILPSFLCFEHYFAAGPAPGASG,0,0.08395996
K2RY79,APRPNGGSNRSSSRVGAVERRAALETRNEVSTPLAGDLNQKTKRWFTLAP,1,0.98991394
K2RY99,MSTTLAKDDYHLNDTQKQIRLASIACSQFSVDDWLLLLGLTGYAVMTVFLVLSINDGGFGRKTGELPVSVLHTGLKVQYSLS,0,0.012203205
K2RYD0,MDSNTNDVVTILLVNSDDATASDLASEFSTSGIDEYAYTPESTTTAPSEWPTLETMIANNTRLVTFVASLSASSNTVAPYLLDEFNFLFENPYDNTDPSNYTCTPDRPTSLKGDTAAAASGDRLFLMNHFLYASSGLGIEQPNTTYLDVTNAPNGTDSLGEHAAECSTTYGKAPWAVLVDFFNVGPAIASVDALNGVSGATSGRAEVSTERVTRQTDSSSSAAYSAVPRNSAAAAAIAGMVVAMMAL,0,0.01590298
K2RYH0,HNYRLTGPHVTIAGDNPHFNEVRAARVQRHVNGKCTQASSEGYCRFTMYVVPVGGSRRRSTL,1,0.9939017
K2RYI8,MLDSIWRAIATARSLRCGCLQLTEEAESHSLGVLSCDTCRQQRLALATVTVLSAHLADWLRRSWCLANDSGRNDAGTNTRHATTPPSDQPRKFSLGSYDLDADEADVLGHELMTLRPGLSRGCAPTPMFSGCPRGFSSSFSLEFWAILLKTGANAC,0,0.06504857
K2RYM2,APAAEPQAIGATRSAYDIICTSPPRGNKVKHGDITWALQNRRKELDLGAGWWNQRNLICDNNNPTPLGQAAVWITYNHVRDKGKETTLAGNARIACRPSEDWGLSCRDA,0,0.40551803
K2RYN9,SASPIHFGSINANSGKFWIGKPTSSYCPSSVVEDCETAYPGNVTVFAGGDNTLGLDVSVPGGQQVYIAADGSLSFTQAHSAYTGEGSVQTGFSKSESGSFGVLSWTNGFIACPSANGTAPYQIFGGGYTNNTACLGFDFLTTNYTGAGAWQYA,0,0.13652131
K2RZ33,NDIPAACKTQCQPVVELTQGCDLANDENDAAEYACVCNAIDAVVQLTTCSDCVAANGGTDFDDVDDAPENDVLEILTACKTPGAVEID,1,0.91081804
K2RZ47,STGKTNVTCAADEIEVSAGKQLIAYLNDFNVTNEKLIIDDLADGCLSHEWIDIYVDALIDRIENPPDGELSAIVPATVKRDADLTKRRTGPFDMTAEVEAAKTQAKSKWICSSAPNPSTCNSCTFGATAILAAGGALCGFKDTRAEAVGCVAEKVATFFIAYQLCLSK,0,0.20127322
K2RZ98,APANLEAKLMTAVASQWTITDFTRTCNQADTSCHISFGINRNDGSAVQKCAYDVTGQPASRTDYNSVACGPYTISSGWSGQFGPDAGFTTLAVTDKKQIIYPAYTDKQLASGQAVKPDQSYAPQALP,1,0.9937377
K2RZA8,APVAVDADGAHLDYIYTQNKGEKRDEPLRPDYIYTQKKGEKRDEPLRPDYIYTQKKGEKRGDSHRLVDLITIEGGPGN,1,0.9160553
K2RZB3,MPVPLFCILFVTWITICPNQKRCRMSRQIRPLLPGHGGSGSISEIRGTLPTVSPQFASMVGPGMDPFTFRQCLAPQCTSLSGYHSHTTRIYHWQCCQYIQIQRLTRWTLLPEAPQEILQRKCSKGVSSAS,0,0.05821943
K2RZF3,GIPGSDRQCSNELRLTCPPSSDGVRRCLKDPNGEAALCVTDCPETSCCTPGCLYQGWSNGFCSNGDYSCLCSNVDPGNVRK,1,0.9918652
K2RZH1,PSATPFTKPFSLIAIQSGSVIHNLPLSAERGSLWLTQKTNATCDPPAADPSAVQTTFFVTPESQQFFLYGKLPNENAKQQFYTDRSGMGRGVLQYQDVPITGENFETVGWTVNGTHLNFDGQESFVACPVRDGSWVVSLSLVDPTLTGCLSFAAHVIENDNPVGCYYN,0,0.16394478
K2RZM7,MPIYVLPTLLALLLFALARSLIATVYSFVDFNTANALALVWDGETATRPRFFTPETYAANQGWGDTTSPEVAARARAARICCAVLTVLTGLAALLAFAIWRRERMGRDHERVSSVADDADEVERKEVGGREVVEMEDRGRAELGAVKGDGGMHEASGRPLHEMEAGAGAHEVEGRYLCEVEGTHAHEMAGDEGRRMVYEMDASEPAQRKEREEGERKWEQWP,0,0.011082142
K2RZP3,MLQSLSLSLSLSLSLASTALQRSTGRSGVQLCLRKTLIWLIIFPYPVLSGSLTQKVQQNYRGKRANILTTSKPFHSAEKNVFTVPEKNTEYLQKVIHAQTLARYQLRRPFPTRSRRLSTDQGFHGPHPTRVIRAQALVWFCF,0,0.060108423
K2RZR5,MPSRSKKSLLLATLAGNVAAQYSIRFGPYYSLGATTSYIAEAETTLHPGKTPDPQQDRMVLWPGMGTSNGQLVQSIVSASAEAAAQCGGKSGEWCVFASAYTGQTQLSGDAKPLTATQGVKNNYKYDDASGNYTQTVSIDGTVVSTLSTASGKAQGWGTAVECQDECSGAVNAHSKL,0,0.007018
K2RZY3,LPFEAVNDQRNGVRAPVKPRSYAVVNVDGSSGVEDPTRIDTPKDVEEIARRAPSKSYSVVNVDGGPTSTSTTEQISSVTLTETVSSDPTTVFTTNPTKTVVYTQDTTIVVTETQFPAPSVTQTVVYTTTIIASPSSPTTTKTESTTSKNTIGASNTTFIVPSLTSSPVISISVVTLPPVTVTATESDTTSYYDNGMWHTSYAIKTWPTVISA,0,0.07956921
K2RZZ4,APSTPSVDVGLSTSEEKHLEKRLDPITIAIIGGVTSGIVGASATQGLNVAKSAADWNAAREAFTKETVKSMWDKRRNNNEAAVCYNKGYEVSKPAQMRDLTSIRFKSGVLNTDYDCFYMWGPDNHFWSRGDGGFINLAIMHDKNACPFDSKTSDLFCH,0,0.13321532
K2S080,TEADIPACAVRRIPSLSLSNVATPPLRQQPSQPLPISANTFLRTATVHCQGRSPGRLRRQRPEVQVLQGRRAVLQGRFVRYGCLQQRGRAQGRQGVKGGLRGPVDAESFMSRMYRRI,1,0.5938386
K2S0C3,MEMVHSIFTAMYITQALTTCRVFWLLTIAASVVTVVCFLFLRETYAPVILSHKVQRLGKETGNPKLPFRARAREPSPAARPLRALDPAPDPAPDLDAHAIAHRLSHGAVRLRHLRTALPPLHNLHLRLRGRVRLQQRHSRPDLPRHRHRHVRQRLLYGPYVRPRHQASHPTRRGHQARAPPAPVAGRAARPDTACRPADLRLDEALRRTGALDCAHDWDGVLRV,0,0.021893973
K2S0C7,LSILQDTRRAIYVDLTRCPDPKAVQPNIQTIETKPDLSAASQLCGLRDTDPACAQAAQAQIALQSSPDGAAWTFRVPRVWDSVTLFVWLQEAAFPQYWDDPAAGVGGTVVSFADKGDRGTASVRDRGTCPNGRECHEAQGFDISSVYFQTKEGGVVGSDRRGLATSVDAYERLVIEYCG,1,0.9928763
K2S0D9,CSASIPRAATEVKPFEITEFNVTQVAENEPVAQVLFKVYEPNTNDTTYCSGDAVRPNEINFCNGLPQFVLSDDFATLSVSWSWIPNGLQGKYSIGSGIANVTLNCLDQLTEQGKQQCVSDKFLIQPTLLA,1,0.7309328
K2S0E7,QTVEWTDVPNICRPACAYTINLSQGCSHNTNEAYLDCTCKKTQSPTWVPNCEACVATFWDSDNDVKSLREACSFTATTWTGVTTATGSETAAAPGAAETTSTSSGSSTTAGSATASSTDGSTAVGATSVSTPASISSPTPSQFTGAAAPLATAGVGMVALLMGLPVVL,0,0.05855182
K2S0F3,MASAAAVTILTTVAGAAITAAINQVAPTLANLSKWDEVREAFTQQTVQALWDKNPAGYGAAICYNQDYEVSNPKQQYETTSVRLELQLLHTDYDCFYISGPDNHFWSRGDGGYQNVAIITDDSKCQYDGSTGDVYCP,0,0.0075397687
K2S0I1,KAETNATLLAYGLNSSAWPIAYGLSDGNLYITQNPDDYSANLAPVTWDLPSITGENWIVNATFANGTSAGSLYLRPESSNAVGLLPMTYITRINGTVSGFALFATQLVYNNNTYLEAQFWAEPTKTSGVYSLVWNSDGMAAVAESYPVVIKGVES,1,0.92159426
K2S0I8,LPTHTATFDPPAAYSVRAFPKFVIPTVAPATSTPSLLLHNGTFGYCTGFCEGCRLGDRCISCLLGIVQACRSQCNVNYPGNQLEQEGMRKADSYSKSSLALFPV,0,0.42272633
K2S0L6,MRWCLCGLLLCFSTLFDDDDDDDGRDRAFCDTKFFINERRAVEILLAVIRVEEILCVDLSQESKGPEESVVHISKRGVLILSDNVLFPFFSPLSPCCCRSFFLAAALR,0,0.07280692
K2S0R3,HPGHHGTTEMKSRAEYMANAKRTSLAHCADVLKARGTMDKVIERRQSKLDRIREKRGIKKSRKTTMLEHCTAADSILPQGPFSRLVTSTRS,1,0.991971
K2S0S4,MLAEYGAKTAKFPAAFVLSVLSGYQQPADYPVNLFKPIPNAESSTIQQISNLHSSISIRLYVALSYTPNRMWTYSFEASSANDLPDPLPTPSGYQTY,0,0.064948194
K2S0V0,MFELMDALSTSAETFVALDDQNEFRVPASIREVGGVVDAWMFNMISLFPSNSSYADQAANQKNQVDSHFRRSIAAYHLATAKTASPYGNITSIVSLDALAIGTDKSSDDSSASSSN,1,0.7544445
K2S112,SPLPEPELEARQSLSAIRFWVNSDYSGAWADLSISSVGKCEQLPTAVKDRVSSFKLGLYNCRFYEHDNCQGANQWFDSDHTNLRIGGTWGYTGSQNDELSSAMCWLKTA,1,0.9114705
K2S137,TPIDPLSLPSDEVAGLIPYAADSSTAAPATNSSLRQRGSYFSSTHRVRYCEHASGRGACVNQDLSDEKCYGFMPAWKNRISSFYVNPWTYCEASKVDRCGGKAFPISAPGQLNFKTAWGGAYNDQIKSVKCVSGRRT,0,0.23254512
K2S155,NWCDGGISIAGTTCASGRNLYCCTGAGSVLGNVQTGDFSIFRGDCVISGSGCGDGGVPKCCL,1,0.9110533
K2S174,VPVDPRFPDSGPFKMIVLAYEQPIHYSYVKASGGYFYIGKETNSTCGDVEPILDGPNSAGALSTYGDGKENTQQTFIDISGAAGGIFSYTGPLYNSINPSHVADKFTRVAGPDISQLYYDGGNWLACPTTDDLWPSTWIVYAEKAYGHEVGKDKCIPFEIRTDKVDDPEVCTYY,0,0.11309678
K2S1D5,SPTPGENEIEARQTAGQRCVLYWQLGTPEGTATLSGCQTFTLGGTGRQTLAANSQGFPNCQIDIDTTPACRDFRIAGVRNCGNSRSFAFGAPGELRVCNP,1,0.99102145
K2S1G7,MAIRQLLTGLDEGKMIAVFIAHHQSIIALQECALNPEVRCGPCAALFVLWITFATSRDSKIYNSLLASKGRTRRVKAQKSLELLPQQCPGPLYAGHVNAEPWIIPRSLPTAGVRLWTKVLYDETGEMLGRARFSSKRSNTPSLREICTDY,0,0.010696966
K2S1G9,MANVLSWAVLILLRNIGSPGLWFVLICRTRRDDNGLSTFRDLFFFFALCCVEVASATKEPLSWILSAGASTAALRRQRPSFSHRCLIVGRWLSLTSGSIATMRQVGGNWQIFLRAASSRSLASRPTPCPRHISSTTRGRLRKSSSRSQTCSSRSAGPRRAEVIRGLALALQLRGSRLLGNVTCVPDMAARLMATGIQGFHCQPHELSPQVLSYIKARRSRGAAPAARRPDYEGAKSNPPLCCRG,0,0.010310806
K2S1H7,DVRPTTTAGQPTKPLTGDASAVTCGDGSVKHLEYFHTYGLQESHLALTNNTLFTLVEPYTNFRWLCEGISAADGKEFGCNIQNATVPAPAAGFWYTDDLTVLNVIVRWDAG,1,0.97827053
K2S1K8,MWRRVIIRLIPFHMVRCYCWPSGRRTRSVSASMQPTLTMSISVRPDSTTGVKQDSNKFIRALPLPHCPCFHLILEDNPSANFLMAKIVDLEAHRSMKKWLMTAPGTSTSLPTSNTASVKCYTESTARDTRPPWTSEIRSSTLEFHMQCVGPVQLPFRSRK,0,0.015409438
K2S1L2,AVEQPNAGAEKLAKREEFRDAIKRSAMPAPGEWGWGDYNFVGTCDHDNDCPRVCRENGFENFSDEGTKCCYNKCSCAGGCNGNGGKNECDADNDCPRVCREVYNVKVDSSGSKCCNTNCNCYGNTCGNGWGSGWGNGWKN,0,0.433594
K2S1M4,HPGPDHPVSHSELQRRAAVSKRCAPQVAQFNEKRYNARLRKRALDLEERGNTTYQITTEAPYYDVIQNDTCVLTPEVTQGPYVWPRYAISPLYPTPVSLYSPVWPADQGLFEQLADTPPRHERRRGGRTALAGRRSHRHQHLRAAAKCIGQLLALQCHW,1,0.99106944
K2S1W4,AADNPPAGVAPMDIGESDIMVPGLHCGFTRLENCAAGIGFLGANCLFAALLKNPRQLTFCLSQLSANQKSSFPDCFCCIGESQYCH,1,0.9303328
K2S236,MPALTIPRLLAPTLLVSCHHISRWLQCTQGGFSVDQGFAAEWQTSDNYLGISGSKTLLSELSSTTVRYCKPRGGRLPDHGNLRAGKRQMWDLCVNDRSQRGRRTFLGTRRR,0,0.008120049
K2S242,QDLGALLSSCASQQFQQLGLTGVDGDPCKGDAGKPSYYECSCTQGQDFVIDYLCKNPGACTPEDIPGLSDTLVNFCKSVGVTVSPPANPCGLASGGGSSSAPASSAPASSAAAAPPASSAASSAESSAASSAASSAAAGGATTPAGTPSYGTPTTPTTPAGTPAGTPAGTPASFTGGAAVRHVAGGLAGVAGLAGLLVL,0,0.07973977
K2S2G7,MSVSTCSIALITCEGGNFVTGIKSRITPVGFPLHLPHSFPIDTVQLQSLITTMKVSALLSAVFLASASLAAPAPVPGDVNPNSCIDVPAGPYAGYCPSPYKYSFIKYCATRDRGDENCPTQSAEAKCCIV,0,0.0071778204
K2S2N0,CSTYKDCKCHDSNTKVSPPTRVSFPVPTTAPAETLQLQNDGVTKKACSIYQGWGGNVKYDDDPHHQCSGNVSSESGTIGDIVIGTMDNCAWNTACQQAGGSNFYQVCWNKLNW,1,0.8419086
K2S2R3,MPLPDPVPLFGIVLVGVLVSGLIVVHIWRVRIDRHRDAIIPRDRENSAIENSLVAESYCIRGRDVRCTFPSGRAPLPRFTGVDYEAATNFGDLDPGYLKFSVMGHIAAGGGGRGGGRSYYTTGGRDGAVDEEQYRNPLATPATNSNDYSIPNGAGDGTSSCAMHYGCDLPATTPEHRSHYKNNNNNTTTT,0,0.023692274
K2S2U3,MSLSERSWNVSNMSGIGCAKLFHLSGVSTLLCSSTDTLRWSLSASVAASCSSARRGELNAPSNGLGVIEFCVPEICRGGEMDTGSASFGDPRDLARSCRVPRSSFSHHSSALFSVSNLCGGGQCSSLLSAGANKPTIDRPWPTSSLRDMLESTRVTFLRCRTRLSRTSTSAAE,0,0.1086201
K2S2Y2,SPTPANEAVNHLHKRANRCESSNIEGLYKRWNIWVDNDANYNGACGSGCLDNIRGRCGSSVTDWGCDRDGNGQGYYHFNTPTTCSEYDMTQALKACLKGQTIDCHVV,1,0.7808163
K2S358,EKETMLGVECSIDILCRLMLGFPAVAYIHLTGLSVRGTFGSVIIMAPLLKTRLMRGSAWVACRFASAPRPVRPVRQKSTRTVVSYRHVRTAEGQAR,0,0.13522245
K2S370,MHKHPASPRSQSTSSGHSFPCFVASISISPASLAWRCHTSPGLRTEYARCGLASSRHSAISAKPASQKATGHVHLTNFFARSFLMCPHLPKFFCRWKFRISAERDISACQRLLGPRHRYSTGDPSAPVVLQNHPQLPQQQGKMASIQYHPILR,0,0.03740086
K2S3A2,DPVPEAAPDPAPKKSKGGSTVNGTSTNDNESMAAFTANFPDIFMVGMSLLTFLASKFW,1,0.9669497
K2S3F2,MPGIQYQLQYHKPLLASLFPSVTPSSGPNASEEWFNTGLATANGWEPPFLNFTALYHISRAQFYAGAGRACAQYDDCFQRTGDGHGIHPAILAFIAMQESSCNAPTGGQTPGLMQVSCANYPGGQCTNSLEDDVEAGAN,0,0.053291403
K2S3F6,AEDVYLEKSRRPRKVGLPFGKPQEVNELGHEFAHLKRESDPEVDQEPGEIQRRQIQYVNRALKANLKFTCVFAGNVERQLKWSALLTVSQNSGNSVLFYKIQNVDRFGSNSVRITSETQDWANTWEHDWCVPIQNGMCTYHMVGHISGKAITTPGNLGLSHLMDIIGDNQPTLEELCISGNSNVCPAFDQGATSCILVSADATPCYNAECPNPRNG,1,0.8859983
K2S3H5,AALQSRATNYQIVVDTSVCSDESNLKPRITGTGAYAGIDYAGPTWNDIWVFDVPADYQGHVWLYDTTQPIPTDAFSVYGLDFEIYNSPTDDKPNKATLKALGKDASGVKPEPLTSAAFASQVWGQITDSVQSYSGGSIGSTIAGDGLRIYYC,1,0.95574975
K2S3I6,APAPEPEADPNNPWDKTYPFDPRPLPRPDDNGGFGTTGCNACFNFNCPQQTLWPAPGCNSDCNTLYNPTGCRACYTDSQLVPLLACQCRNQQQSPGWTKVRNNRQFWPPGFNLWNADDYCSVSTQPYHWA,1,0.72421485
K2S3K0,DALSSLTSITGSGNASDKIADAPSSDNAISSASTARIVARGFGTGVAQNTVAGLNGLMMDGFHKLFADLLGENDEGGQKNGAD,0,0.38417792
K2S3L3,MNISDHTQASHEKAADGLQIAASHDRDVYEAPQAYHEEPKYPVDCSWQSAPQAITSDEKELTASRDQAQSNGKRRTCGCSPVTFYILAGLLALAIIGAAVGGGVGGSLAASQGAATTVTVTAAPAPPRTSTLASPSSTSSTPTDTNSTRSFYFAVYADTDFTGLSRNVTAEGNYSLPFSAQSYVWNQQDADCCALFCRNGQDIGYRCSQVTHQNNITGGGVDKVAVQCSGGDASPPGTWCAE,0,0.007298772
K2S462,DLRSAHFFPWEKEVVANTTVGAPEYSTYEEYFSFANASSGSIQPLNGSCKVFPGDSTWPSQNLWQFFQNKVGGRLIKTVPLAHDCYNTVWGEYNAAQCAYVSSNWNVSYLQSVIPLSDGKLQMNSSVSAPTTQLPLPGPYSKAAHAYPTATT,0,0.3561658
K2S4H6,TCVKLKADVAPLPPSTTFFDWARCICRNELKGTAGATQAAGTGGVAYHVFICNGVSQDWAKQYPNGKFYHAVLSVGGSNREYRFRSIVRPSDVCPIS,1,0.9942905
K2S4I4,LVPQTQVTIAITQVSFRTFGQIVSVSVGRVIFRHRMRVELSYPNQADVAENYSLDALAFVKTLKTLPAHFAETLQLKTAFAKSSHVMWAVMRRLAVVS,1,0.9842801
K2S4R2,ATGETVTVTDLIINQSNDHLDAVTFKLNVDDGITCSASNTTFPSPVVSCGTSDYRFALVPGKEVIYTLRLYHDLGSGAGIYGEATVPCNGPIPSLCEQVGLGFNVTLDSEP,1,0.9941195
K2S4R5,MLGVTVGGVVVSTGRGRDGGAVVVEGKTVGPGGSVTLSGGRIVEVHTATGGAIQVIVAGSTATLPRQGAVTSNGGVIVGDKTLTPGETVTLGNGDVLAVQTRSSGVTEVVVGGSTSVLPSQRSRLGGLIWSGLGASGVSATTRRPTSTETSSSGSTGSSQDGQGAGGAADGTNATSTSAGEAEQPHQGRTVWLMLVTTVVLMVEMG,0,0.17118353
K2S4R7,DKHNTCACNIIDNYNWRMTTKACDRYNEKGHPGGKVKYDTPSGMCMGDGEGNYVMGKEWEAACREAGDSGFACADGVGTCFQEDDSKVRGTCPGASWD,1,0.993196
K2S4S0,MSVDTKMTTKRPFFDLSVCTPAAGAEPPDGIKCNTCDCYGCKSSASCNATHAQTSQYVSDWFDGLRSQSWRWALANRVGMVSSKREDTLDAQEGSSRSLPEEQEVVCSIARAAQGPDPRRYMKRAKPAASQIHPQLIRAVLVCGPIPASGVSTAQNLLRAWELIVAWALVGPLLARDARGDILRMSRLCEAIVIRAGGPGVDAGPF,0,0.044936232
K2S4X8,ASLQPRATEAIQNRMLYAYGAQPDSGIGGVRLTYGDGTAFVGNRPPSNVSVASNITFSWDSSSQPIAISPNSTDANFTSAYLYINPTDDAFDSVQLSSTAPSENYTDTGFVFYGNWLFWKSDSGALQSKFYATPSGEDGVWTLKWNSADSDDGSSVPISLRSIAPANNS,0,0.23239166
K2S561,MPGGGGKSTSKGGYGGGSPPPETICTTKYQTDYITSSSAYVVTGTKTIPVVITTHGSKVYTATTEVPYTYTTTVTYTKPYTKPVTKTETKTKVITTTYTTVYTTSEVGVTTKTEQSVGTGKTTKTTVITKPTEGVTTSYSQSLCPTTSYKPFTTSVVKSKSECQTKTKGYGGY,0,0.09608886
K2S572,MGCLRLWSRLHRLSALLYVCTGPLTWPNRITITGSHGHQIFTCSAANARRRFMSSFPHAFMTSASRTLPWNPELQLHQRRRPCSRPTIKLLRVIVLSTSACGSFRRPRCDRPGRLKSSAPGDEVDIPSVRMVVSHTRNAMMALTISYDKGGAGWDYGYETRVRAERRG,0,0.007521978
K2S573,MSLNHVGIAAPPAKYDAVVVFYPSALGLLNYTAILSLPEYIEKGSAETKVADFWTGKKDTAVARQESQTTCPAKGEYPVHFGYSHHLGSFFFLCSYLHGAIL,0,0.49024868
K2S583,MAFQWTCWPCSGRRAFEPCSAGASALCLDPTVLFDFFPFWQLPVCFELFCLLAPLFFFGFFLAKESALEGQLRFFPFDESFSSSSPSADSSPSDASSVPSSSSADPSSSTSSLSFSCSPLPAAFSPPLSLPWISPFTWARRSGLVYLSLEGILSIDGVDRSWLRNDCGKYKR,0,0.048554476
K2S5J9,MSIFDVLCGLSSLAISAPGKPDWHAFGTGEALLESIRVALETKLPRGLHTITLSPINATGLLHFRWRGAAFQETIWTAQSFWSRIAILHLDLLNPLPYYQNSNKKDFIKTLHDYLGSFNRSLKGLRFSWIGEAGPNPLLLDLRYGGHNFSAPMIVWCALSDVFLRNVMAHDGDLVALRQTRVPHLLHYELEDEEVVEHGVLVWNNEGVEETIPRGDSLLEGFGSHSL,0,0.011500856
K2S5S7,MGPHQRQELGDSIHGMDRHIVLLTILVLLVAVMIAGSDDFPILLRMLQSAFEAIGGEEGLGRGVFAEFMIRQIHRSVDRLGGKQKAYEYLGCASTPPPSSAKKTASRLSPRWSRRHKACLTARSSALTPPLPSRSSRVSCSRPTISTCGKRCGGHHHVHPSHIRHPQRLARRRNPQPFSSSDSRRR,0,0.081050396
K2S5V5,MSYSPLVIQHTHWNAAAAPQSLVKFYTSKVPSQGEWTFIGGGCSGSDCFSSIGNSHQTCATTTWSGQAGLDYSIIKDILKITGSASHESSKSECITSTWTTQCRWTDGKCHNLWFSDSQIMYKGYIRRRCNYGDGDKTVWAKSYDAYVPTGNSLVGCDALCSDDAYPEPVP,0,0.18278082
K2S5X8,LNYAVPAGSSIQLCDSKQLPVVDAPFLFSALKYHNLSIPELPSFNGSCLPEAFVSECTDKLAQAGRLLPAVQDIASSFERRHAAGGSKALAVRARTGPFNVDGEIVKAENEAKSKWL,1,0.9734874
K2S604,MLLSQQTYMAMHLSGAVARSGFILNIYPGTLSHMRTAAISHIISPVFCACASWHQTAEHRFSATFGAPDWLPRTLPQVPNRALFTTKIGNPSTSSTTQTAHQHTYVVLASVSFDQPESLPPRQWTRASFISQDPPQRGIIAFGGLSECKDAQKCLR,0,0.015951911
K2S614,MPAPSAEKPALEGIPVGAADGIYLGSLKADGSTQWDFIGPDSSTTPSSGLLVDDDSDSPVLAKRDGVTCSGFGVNADDANRAQGKLADMCGGGYYFNSRSIAQVSGGAVAYACNYGNGQTCHSGDVWSFFAQVNSKCGFTNGASAGAGWYSVNSWKAAYGRTTTGSGFC,0,0.20285696
K2S624,MCFLSAAFRICLLRLGARFEGLLAQHNDQGAAAVCNELRDTTSASPSPPDSCARAVTSWGNVIAQRDWPCASDVTASLDTWPIAFVALTAAPLHEHAVGQMKCHPTTGHDYGLSPVATRREQAASRERSQLSPISEAITPTVALFGSEKTKNRGDPGSLSAAC,0,0.05554655
K2S646,MHIPPTNPVFALWPISFPLIQVLHSSSVTQLADWTLQQRLTRYRFSAGTIGGGHRCYEEATESGASSLLSVLLSPSLKEMDTRVRIRGSPSTLIINDAAGRGVRVRLRPLPRVVGRNSRGRFTSWQRAQMTELRLWLQVNHAYQLQNFEGQCLQALFLPYTS,0,0.06608493
K2S6S2,ARDVICEKPSQCLRILSLNTSMDSANQINFRFALQYGHDTFNESTSCSASWQAGSNGWPANYINCDNEDYRWSFSKFDSLTEWHMEATHEFVDDGYGGRYYANGTACSADFDCEGPNDTECSLRAWHVINLLFYAAVL,0,0.09444195
K2S6V5,KVPAVEQAQIENFYYKIFPTGAYVNYCDDNRVYFRLDKDTANIYVRVQIDGRTL,1,0.9943626
K2S6W1,AAILDKKAPVIEIEKREPAEAAPAYVWASAGKEKREAAEAAPAYVWASAGKEKREEAAPAYVWASAGKEKREEAAPAYVWASAGKEKREADPAEAAPAYVWASAGKEKREAEAAEAAPAYVWASAGKEKREEAAPAYVWASAGKEKREAEEAAPAYVWASAGKEKREEAAPAYVWASAGKEKREAEEAAPAYVWASAGKNKQ,0,0.20947468
K2S6Z4,MGISYSKARYLAPAAFLYDFAAQQYGLLSSPNMKDIHNANLSFFSPQPYFIALFFFPQQIAQLVWLWKLWTKAAAERDLQDMVGYVPIYALGNICIGTWMFFWNASDLRTSNVFVIINTVAQLAYVSTRLPALRTSSTASVLTHAVAKTFAGIGVLDLLHNTSAAYHPGELNPGIAVKVLTGVGFGIAGALSDWIFGGCLVYDLVALAVGQNAYGGSGNGWARLLGAPRYEAGLGEYVRVQEEVDESV,0,0.0070682145
K2S703,DNTSNDLVRRSNSCTNTFYVLAAKWDVYLDNDAAYNKQCGGGCLDNIRGRCGVVTDWGCERNGGTAHMHFSTVSGCTNYDMTQALKACTRGEQTINCSTNK,1,0.98209274
K2S707,MPFEFYLTKALLSAPVFCGSPALVCLVRFSCFQTVRALVRILGNQHFNGNLSAHPDFLQPALEGDVSRLHWKLLERDISTVSVRDVPERMYGGMFGLRRPKGARDAVRSAVGRRSSGPWLVEKLPLIPALLDAFECAALASPTFLRHIACIALAHGA,0,0.059568785
K2S727,APAPQLDADTFGPYKYTPNNYPYNNPNNFQCQNPQFFTVENGWRRIFQGSGGLDADGQEQGRALLLQALQSPQNPYNNLWWGVTDEQLKQVLRNQGNWQQPAQNDPSWLARLACNGPNAAPVNLYGNNWQPWKRDADPAPEAAE,1,0.99096996
K2S7A2,LKEAVGNAGGERSDTSLYLCDGAALEGFCVYYSGPSGECNAITDKFPPNKSGVASAVTGADSACKLFSAEECSGNEIDVDSAGIQNLASVDWAKESRSYRCEPN,0,0.15334497
K2S7D9,SVSAQEYDISTLKTHFMGKNSGLGDGSWPPGSEFNSTIELVVNYPGDDDATASTTCTGTWVNGSHPTDWNACDDAAVAWKFAKFTTEAKFTLEIGRSTGAQSSSTGSVDVTSNNLADDNSWLTCLAGPPLQGLKCNLDGALSKQKAPIPVGVISGPAISL,0,0.34160218
K2S7K6,MGYLHTGTYVTAHIFLFGAAAHTILMLKKGTLQQSTKPLVHGIPHIFIKLCFFGFTAATIGAALALEETVQVNNLTVPDDNGLEVAAFKPRPANVDCSSTSAADLAADTSVTCGTTNYRSELRDGSNGNYLLRIHK,0,0.03208992
K2S7T3,VDLKHYEAGTGVEAGFASFLKELYAQTEDPASTDTFTDFFPTDGVLIVHGTTATGAAEIVKLKQQLLPTAGNKHWSHFPNTTTVASETADQKVYNVNGVIQSTFDGGNCSQAYYQTHFTVKKSAGAPLLTPHSGSLLVYDDYVVTPSVSPTDIACDQ,0,0.021591486
K2S858,MPTYANLGQFIRLLLNKLSLHSFQQHICKGVRESSSDQPDICADPDKSDSVDSGEITWPDADWSLESIGNYDSCEYKGSADGPGILTCDNLDDIQCEGVTHSEEKCGTDYAYSIWYSTLWLQRLWGNTLGDD,0,0.045736276
K2S8D7,LRLDEPRVRFPADASLLASMLLPPSCSCAMWFPFYRVKNGQVQASSLASQGNAKWVPNIFRLGANYRDALYRLVECLSY,1,0.98925775
K2S8U3,ATWYFLRYYTASSSQKFTGLTGEMVVPRLPKAGTYYLWPGLQPTDGSGVYQNVLDGNSGTWWFGSGWCCSNPSLPWGGGFNTYAGETVKFENVLSGNTWTTTTTHESTGTEKTDTFALSSKSFNQVLFAIELTGVSWDFGPLEFKNVVITATGTDSSWCDNSPENYNSATKYSISGVSASVSGNTVTCKISSIILQSPA,0,0.0696622
K2S8Y5,MGSALAPPMVGATASPPVSACQRSPWEHFSHGEGNEGYLSPPDHSKPSFSRRSSISSLGLDNDFNSISLQFSPFEDEPPSPSVFSDSFRPQSRGSQNSATPHATTPIGTITPKMPTKFEAETLSDIFFDKVPEGQRPIDHRFYQTCLDLVYDLSGEHLQSQDPSLVEILITPYSLRMARFYVFMTMAIGMRLRSGGRLTDNTLLDNCYHLAMQQTESPSFWAEVGGVEGASLLTLFAKSGDLQALDKMDH,0,0.010144288
K2S936,MEGFMASIYSACILDAGWGDASTIRWMLPCSESVVSRDDDSEGPPAKLDWIYGALTRDYGLSGVQDCWKADGFELEAALVLWLRSAALKSDILDQRMGKDLPCSCVVLFPDDPVSGLGTPS,0,0.2559517
K2S9A4,TPPACLLDVIGAQPDPSDIETICNKKSIPSDISSKCDAQKSAAMSAYASVCKDAGVTVATSLSASASATKSSSASASASATGSSTASGSSVSTPGASAGSSSSSSSASSTAGAASSTPAPSNDGQRKLVGLVSLGAFAFGAATILFL,0,0.03781192
K2S9E0,RVIQTTLSDGRPQCTVHASGNQTDDVPTILSAFDACGRGGDIVFPEGEDYYIATRLNPVVNDVRIHWHGQWTFSPDITYWRANSYPIAFQNHAAGFILTGDDIWIDGYGTGGIFGNGAQRLIPRVWGEAQNRD,1,0.89271426
K2S9J0,ADQSVLSFAFPGDGYYTQVPTSGISGSLIGVEGGRTTLAYTCPEAATALDDYESKVGVLCPLGTNAPQTVTYGDDFYGVSTSTVVNAITAAFVEDCEITATPASGGAASATASPTCTFSFGGEYADELVAVLTCADPSVIGTDAEDPNTASYLSCISSATATPTDVMTTTWSPDNVWYWSVTVTATASGVSIPAETGAAASSTGGSTGAASVHAVSRVAVAGVVGLAAVILAL,0,0.06246277
K2S9M0,RHPGSTVSLWPTYQGSSHVVELCGNSPEEAQALGCVWDLMSFGWIHPRCFKPDESQMWLEKYGPWKWYYDLNATAEIAPEDLTTTRRVYTEQGYHVVHCLYIFKLLHMAGMSGHIVTDEAIPLAHTQHCVDMISAPKYTDFKHVNTRVDMLFARCVTLN,0,0.016017977
K2S9N4,IPGTGPNGEFGHLAPRTNLDAADPFPLASDPLLKRGIQKRDIRDVKRSCFGENAKLKFIVQGILITTEMVNNVLQYSIGVGAEGTYLATVLFDFGHGTYERAIGDKGKFDFAQGAMSIHPGKKG,1,0.9899121
K2S9N8,MKSPVRAGTLASTFAVLIVICVIIRHSEYLRDRLDHIDEAKDGITGSWRGHLGIGGSKPSIDPKYLGFGTPSLVPTHNRTLSFSSPTSEPTYQQGSDETAKPGEERVAEETTSDVKEKQPPASGPDAESEEPAALEKEELKTDTEISAEDQLIRTGPDKIVVMGKTAEEDTTWVSEHLKE,0,0.009375962
K2S9S5,MLALAASAVAMPTGSAPNEKRATPKIYLAGDSTMAKSGGGSGTEGRWLPYLDRQRPQRLPRHRLRDVYHSRRQDRPDLRHIRYQRGQGPHSQGRQGHRVVANAQQPVGDGLIRRLAPALRQLRRDLGQEHWFRRHLRQPLRLRPGHLQEFGKHQGQRLLPQRPHPHQPRGCRYRFQGFREGRLVRPERSGDVREELD,0,0.008016941
K2S9U8,QSSDESWINNYKFGNMFYSGPTSGGAYITKATYSMTPPAIPCGYATNANPQEELALWIGAQEDPTGKDVLKLSFVQPLLNWAPDQQMT,1,0.98626316
K2S9V8,MLRHTSMFIDGGVQLFRSNQTRWLGFSKYIYEIDMSTSWDLNTNYTESRIGRYANTSQAANPPNMLRGALYAAELESNRLFTFGGSTFLANDSDPAWQPPSQDPTSLWSYDTEIRNWESYNITDAVPWRPNWGLVTEDMSHDIGFFLNGQFDRGSSYGLYTSVEYEGGNVTNASFSEITYLSGMVMIDLHTQETKNVSTASLGAPRVAGGMVHAPGFGKTANGTLVAFGGMTSSGQDVDTFTNGAL,0,0.011945284
K2SA33,VSPGAKTGTSINPAQVLSRRAIPPNQRCNLSQHWDGRYCDGSVSPRSWFDECTDGDGDIYFRYSECPPNTVCMETEDNDGHDNIHCIERPGSQSESSSDRQSGVYRVSAGASGQRIISVPLAQPINGATVAAHLEGTGQNFVAAANRALVGTLRGTTTEPCEYNASHRECEPVGLHNFRRGAVIDFTFGVTDGQEFDLIYAILGRNPS,1,0.8974123
K2SA78,QDNNATPTSVDQNSIASVLLTALPGSLLSVALTNQAAVSSIIASEVAAGTPQPWISALPSDVQAYLSAAAAAGASVTAAPSATPTGNVTSAASSIVSSVASGNASANATSSGSSASSTSSSDESSTTGSSESTASRSGSSATASSTGGAALPTAIGAGLAGIVGIVGMLAL,0,0.02939806
K2SAE7,KMVQPVPFGADTLTNAPLQADGSDYPCKVRTGVYDMGKMNNMVVGDPQTLGFDGFAAVHEGGSCQISISLDKNPTANSVFKVIHSIEGGCPGVTKPEVFQFKVPMGFPNGEFALAWTWFNKASLLSSLFFEDTRLT,0,0.13698828
K2SAI1,APAQLPTHKASKGSVVHLSGSRIQSRSPFELSDISKSFESIGTFLVGGKTEETTTKEVDDDDDDKDDDKDDDKDDDKDDDKDDDEKENSNDKRAPFDFSDIGKTINDAGLFVTGQSNKIEKENDNDKRAPVDLDKIQKRSPLTWDEFTAPFNKVGAWMTGQKSSDSD,1,0.64175117
K2SAJ0,QSASDITYEWFPATGISCPNDGATAELISVTEDLKQFAFKARNKAPQDKSAANMASGPCGELSGVPYIAVSVLRSLRICAMVTDQEQTEAWQENGEIAGTLYFAYDQGKKTIYYCNALGAYSNNGSGYPDGCSEV,1,0.9917424
K2SAT6,TGKLGDAAVITNNPAGAVYAATLPNREDTPVRGSIVASSVGGGTGVQFQISISGLPEGEGPFPYHIHDQPVPANGNCTATLAHLDPYERGEDPVCDASQPQTCQVGDNSGKHGKLEAPATSQTYVTVSRLP,1,0.93323225
K2SAU2,CEDTPSLLTNQSTATRTASCDCYYSSSISTAWGALGKVNWCSYVCTNQSQTRQPEPRSSAKSSGMLRGTDINVCQGGRRGCARCIDRREGNERGLRRWNGPFTLSSAGAPLPRV,0,0.33946037
K2SB08,APPPQLPPAPQTINFIGDVSPDDNFDRAQLATEIGTNAQGQREFLQDGMLPIDCGSGDQPESCAFVP,1,0.99330515
K2SB96,MPTATTVFSVFAGIVAVLSVYVYFFGIPPAVKRELEEKALKTMGENKASYLVKDQINKVPASDQQEIKDIKKGVGNLAGGSLNNPLGKFAGDSADDATRPLTGR,0,0.04586984
K2SBB0,MTQVLLLASIAAIVPNDTACFFPMPPNVQARALATSQCNPGGLATRILLCQSSALRSAQEREEEHGHGRIEASHVYLPLNLAPASGGKRKKANRASKLHLHTLSRCRAPPPSISLFEPFRSIIEYHSTRVQAFISIFAAPIPFRQRAAA,0,0.007573606
K2SBD9,CAFGDEPQKSVLISAESPGIIDHVTQWIEDKVRRGLNAKVLTTDIRVQEGVVLHRYNLINAVLAKAPGNLFEEAKNTFTTNNWGTLVVEEDQEVHAWGDGN,1,0.99356174
K2SBI4,AEDTFKLVASKPGSSINGKYLNVNDGFFYIGKETNSTCGNVAPVFQGGNEGWLAFYADGTQNQQQVFVDISGASDGLLAFTGPFVEMANLDHVTDQFNRTADGKLEYAGAAWLACPQTTGEYMVYPEKAYSKPVGKDKCTEFEVTTKKVRTPKIVCVYQ,0,0.329883
K2SBM1,EMTLDNRYLARRALKKGLGTRYGDNCTEEDCWQDGACAFVDYTLPDGIDGSTCVSEEIWDSAANCGGCISVTYKGKTITVMVTNKTGGDANHLDMTPATWSKLTNGLTAGGVDGIEWDWVTCPIAQTEPLWIKMHGGASQYWVSATVENARRRTAKLEVSADEGQTWKETTRNTNNFFEMDGTLSTDTAWMRVTSHTGTQVVVKGVTLKSGVVTKAAANYA,0,0.10027057
K2SBN8,DSHGACACQSGSDRGLVEAATNSCCTLFQGSTASFLEGGKIKYQGIYCLKDGIDGDSWYNCCRNQQSGKGDSACPW,1,0.9925289
K2SBV3,TGCQNCLGLNKEELGSLCKSEIADFLGQDARVLNVAQANCENFFVDYSCCYPAKRCPSDSTCLNPTTIAKRSVYQDDDPGIFGAGSTANSLEPRDGKAVCCDFATGFYETHKVQNNVATFEEKKKAMLTFGGKAVHHITSNGSAVLTILSGLGYRGGMQPFLWNRTRMPGQFTPATYRV,1,0.9937012
K2SBW1,DDGRTFSIWADFSRCDRADNLTLEIRPYSPSSAELVPANLQTTGEHLAFLTGPWKGSITLLEPDRMGPYRQQYLDLQLWAPDAPSRDGYFGNATFVPGAQVRPWRLVQWGGEEAKLDPQGGRQATGVLDGVAGTVLTKKSGALLWLEWCTDVDAPAQGA,1,0.9921558
K2SBX7,MFQARSKLPLEGSAKFIMAPKCRFGLGRVLTVLVLPAIAAAAPNVTVAAGCQEANSAPVCTTQPLITSRSGTRSKQRSFPPAASSRPAPKMSLRSYIPWSKHPAVLQSGLAAILASAMTRTLMAASPSTCARSALQTSQPIALGFDLVPAILWSPPTRPWSLTI,0,0.00728985
K2SC24,MTSTIVSFPWAGREGAPDFVPTTGISGTILGVQSSRTTLVYTCPSAAQSQEDYDNGAVGALCPVANNTPQTVTYAPDFLGVPFTVTYGHQYEPARTTFDEEKMAYGQFACQITAAPVPSGTAGAASAAADPICTWDITSMAEELTPADIMPDLRCFEEDIVGPASNVFYQQWNTASLSSCFSSMSATPTTKATVTRHSTNVRYWTVTVTGAAAEVTLQPTNAKSAAVSCRWNVWTLSLIGLAMFLTL,0,0.068130605
K2SCC1,MSGVGIFFLVLFLFLLIGGGAWIAYTRIRAQRLGLPPPSLNPFARGSRSSVGASGSAALPSPAPGGIVGWVNDKIASLKHGRNKNTRYAAGAYEESGATSTRGAARARGTLDPDEAWDARVGNEADYGYGYEEEQELGLREPTPYGGSAGMYAAPPHSAGLSAAAGSERGRSRTRELDERYDEEMGRTGGAATRENPFGDDAERSNLRGVSPRPVDSHERGNGANSPTDSRRSIFREDV,0,0.0071443175
K2SCG1,DSILNNNLFTRNTNNNNQCQRSESTPQPSALQPIIVRSLLVSGNAESYAISFSLQNENTGAISSCRGTLSEETDEQWMNCDRADLGATVKSSYDTDEKSWKGGVQIVTMTVFWLHVQGCEPSVCVNPNIRYYAIASGNLVTPCSETGDPGNPGQEGDNLTCQAQNDYTLRIKQFCEGDQPPMLDSQKDGWGSGSR,1,0.9735118
K2SCN6,MLFLLACRCIAILPKDPNIDKNEIGAKQANGRARGRASRGSHFQHHALQRFVPRHFHFAGTFNSPTFHTHCLLLPPSFFFFFSSFRANAVVSFTSRLKAEQRALRSRRWCCARGLRNLEHAYLTHTKSLFPPLTSFSFCQRLPQESIYQHFCKHRVFLLLQ,0,0.052125987
K2SCZ7,MSSPRFWSQPVRYLRWASHEKPAIFFSILVGLAGPAAIVVVPPFRRLIGDEPGRPAIPLTYPIPKGPRQIPQGYDD,0,0.019995691
K2SDC9,MTDATKRNLILILPLIPPPVHALPTMNISSLHGILPLRRFVVIITADNTFYPNHSRPQHHLFPLLLRQCDDIFIKSLDSRRGTAQYECDHSTAAAPRHPRDSYVHDHDPRPPARLRPRSVELELFSRLVR,0,0.008912016
K2SDH3,MKILKIIVAFTVTLSLAAFIATWVIGKRNEAANAGFTAPATGFGLEKAPLFSHTASDIGFTEDSATREPGVVTVTVVVSPLITTFLTILTNATRLNHTVTSGALANATALPPLRPIEVNASSTVDAKKSNPRRAELTEP,0,0.013431869
K2SDL8,KLFDDDYLDALCNEPGQPCHKIKRAAEAAALALANPAPCTGPADACTLAKRDTDEFLAALSDIYTNYTSQEVEHGKFHTPSNTDIQRELR,1,0.6731286
K2SDL9,MGITTWAGIIAGASIGVALLAAGVFALVVKRRRSLSTKAERQALNAQARKEDDRRVWEEDDWHEEGEWGMGSRHGDVEKGGLVVKVEDYRGRKN,0,0.015318088
K2SDM5,MPCLIHSSSDFTVASNSGYLVCATCLQQSEEECRDTQYQSVYGSQPVPTDGKTQQGEQEDASDETEQGTEGELVEACKSSHDNSSTNANGFNTPSSSSGTFEADYKFSHQTLSFSNDATGSWDDSENEAASLKSHPYSVIQFLANEGTDGPWSTYNLRTGQAPEAADDSEFWDNEPPHTGRFSRT,0,0.27719158
K2SDR9,MLWAICNTPRHQPHGDILSKIISSSFAALVSCEITDPSWRALLLQYEGHLIITKAWSNDHPEGKNFNGVDGAYIRTRGSAPHALPHSLQARPPRAAQAVSMAGTTPASLSS,0,0.07003098
K2SE83,QESAAEQAAGCGHLPRYPQKDPLLGLDLILAQIKAVRTHRFLEWLEQLYWSAPNGAKTFSVSVMGSRQIYTIDPTNIKALLSGQWSQFLIAPLRRTPAILPFADQGISLADGKEWEEAQALSKSFFFRDNYANTERLKPFTDTFLELLPKDGATFDIYPLVQRW,0,0.009681333
K2SEA8,CRPEQDCCWKDVYACYRQHSIFNRSKCDSNKYAAQMCERNNVSAAQCSADCCSISKKIGIACP,1,0.99373287
K2SEH5,QYFSGVATQPGSPIDNARISASNSSLWLHHAQDAFCGQEGQDFATFYLDGDAAYLYRASAPPEQLFVDLSGMGHGQVGYTFGAPSLRRATRSATASRSTRRAGWRSNALDGGRAPRGSGTAATGFG,0,0.015562966
K2SEI6,LPSGPVATTPTPTLLVQGLTWNVTDGNLAVSFNIQDSVEDQPTHCESSSTNIHEKFVCDANKNIEFQFDASELFDFTWFEVFWTFPAGVLTNDGKAYLADGVNSLPDPKCTQGCVVQELSMQGRTTVVSN,0,0.3319356
K2SEK2,AAVPDSNAEVKPIVREEHLLEARASVPEEVIGQILDFEIEATIKAITSIVKAPERESAFTHRTPSNIVTNFWNRGYIVAAFCTKFLANCQNCHWKEYSVGGSGGDQ,1,0.9939626
K2SEK6,AALQPRATTYKITVDTTVCNDELNAKVKPAITGTGAHAGTDFTDPTALDGLGWSEIRPGDKIFWQFEVPADYTGHVWLYDTTKAVPKDGLSVYGLDIEVYNSPTNDKPNKATLKALGDAYENQQPAPLKTAWFASQLWGQITDSVNSYSGGFVGSTVVGDGISLGYC,1,0.9942427
K2SEL9,MTNANNHMCNAHRTILISLMPLITRSRNTIKNSTTHPTYTLSHSISTQRTIRQPEYIPMDNTHQKPSRLPYVAAGAAGGAVIGGAAVAGMQGRDSDDGDDDYAGNNVDGNPGDRYSGDTNYGDGGNGHAYGGNGNNNSGDTNGDENGGQDGCCSDCDCDCDCNCCCGNDPNNPNGSCCVVM,0,0.09667256
K2SF66,DYHNLCACTSGKNLALHDYSTEQCCKNWNSVAQTYAIAPKIDYPGQYCGQNKISGDKWTACCKSFGGSNGYCPW,1,0.9829737
K2SFF9,MLALVNLSTAAAIKPRADSFKLYAYGENITHGLDVFLADGIAYAGSQTPSNASSISNITLSTADSKSGTWMVTTDAGDTFNWGVANSGNTLETVGVANASSSMNTTGFGLYGAWAYRLSDAGEIEMNYRAVPTGVDDLYIIKWAPSATVDDSALLINLRTASPVPITDKNKNKQ,0,0.0071008485
K2SFJ4,RRQMPLDDDDKPKACWRVCFAEKPQCPTEWDPTLFGECWTCCRTFDSLLPAAAKNVIWM,1,0.99385
K2SFK3,MADTATTITALTATLVALALCRAIYHAFLHPLSAIPGPKLAAISRLWLFWADMSGHAHATIRHWHATHGPLIRIAPNELSVHSIDAYTTALYCQNTKFAKAPYFYVAFDNPAGSVFSELDKHAHAAEKRLMAHAFSRSNILGLQRRVLYPNVERWIDKIRQCVARGENVPVWLAAQCLALETAACFSYGSGDGAFEAEGFAHELLDSFDAFSKIVTVFMHLPPVRSVALWVQRLSGSAVARVNQ,0,0.011410973
K2SFP0,MLAGLSFPSISIRGNCELCHLDQETPAHLCFMLRSSHLLLPATPPSTHEMTSCKNTDGVETPPNICWTPGVVRQLRIFRSTTSQVPQFSEFILLFCLPLLLPSFGHFFGERGRDFLRLTGNTRQYLLRNSVSVFTHSFAPFFGLRLHPEQPPTLFGQRSVCPAPLSATREEGTPASNHQEHAIYHAGGLSRTIRLILRQASIVFGGILE,0,0.05802742
K2SG79,ANQQVSGSEVTGTTCTDESAKLDTHETNVAILSICGGIAGSIQKCGGSPTSTVGENGGSRFDLAATDSGATINISKGRWERCVKAAQLTCPTGTFESTCVGGATTGNVKFSLSQA,1,0.99414706
K2SGM2,MRSPGVGPLGGVIVALLKARAGSSSRRFAQLEEAGSGSEHEWRGQACSGDGRVQPVQRRLDISFEDLLALFYEENLTETRGALEFDGLFGIKWSVGPGEEGLNGAEDERERRQLKRGQTERLKIHRARDCAENQQVCTILGALAKLSALVYPIFLPSLL,0,0.05944515
K2SGX5,MSCHLMPQILHCSRNLHFLIMQLPVCAYFILLALSAASFVVHQSDDLNDDIGGFRNYTGKFRAFGIPTRLSCDDQKVKVDGHCLEEATKRNIDIDPVAPRTRDYDILEHSPICKSMDFPLHQVCKDTRLLPTRKRCRGLREENHHREVFFATRVCKSTLGGTSRPKLLIIARTQILKTIAQRFSQIRIAIGSRFDPKY,0,0.0112792915
K2SHC1,MMAPLAAFTMAGLLFLYTRTSIRAAKLNAQKHREADGGQISWKNESRRRHGQADQVSETSLLREALFSKDEIQSSRQAHASAAAKSADEEALEKAKLERRG,0,0.007928031
K2SHJ6,AAIDKAAIAKQGVAEKRDAAPAPAEPEYVWGGQKDKREAAEPEYVWGGQKDKRAEPEYVWGGQKDKRDAAPAEPEYVWGGQKDKRAEPEYVWGGQKDKREA,0,0.09405571
K2SHU3,MVLRLRHPLNMAAQTATTEALFGVPSSDSIDQAFMVLPSDSGLVDWIAEDADKQAEDVFKQWAETLESASNQNNNCPSFKMLATHFYTAIFAILTATAAAKRYNSCTCHNGDSYNWRITSKACELHTQWYPGRGEATYDSASGRCKVNDMSSGFFTGDQWEAVCQEIGKTGFLCASGSGTCFQPEASEVQGWCKNE,0,0.007046582
K2SI20,MAVPHVAVSLTLLRSCDSDSRDLLGSSSANDAKTSPRVTTEASADVSKTEEADSPGCPGSCPAFVDGPSRSLLDEESNFSASTALSLCPARNPAGRSEIRRQKTGSAVVPSSRAKIIILFVSAPCAFAILYIEPFGGIQSLTTLLSASRFPYNGTNDIPLFRSPCTFTLPPFPSYSNSSSGMLIM,0,0.05716246
K2SIH7,TLDPASSNSKGKYPKSPGCSPAKTSKAIQAAECSHNTRVSGTQTFAIFKTDHQYDSSHGAPYGTCEAYTCTAPTDGELTTGEDYWTFFWNDNGESSGVGTGCIKSPDDGTCGCENSDGEFIYGGTNCS,1,0.91517985
K2SIZ1,MLAAAVGSFQQAAGRSCAKVEYKYPLDPTESGGCHAPVGPGDTTFGTEPDACHGDMNICNGPDHISKFLSPPCSFVSYLPRLSFVLSFFWEVLYEVQDWLTSIWQGVELAGSDGPYTNHMNVRVSFEIGDGKHSAFNEFICEMVIEGLAMTVNALAPELAAVDWISADELQEIVLHTVNGPFALAARAPVIFFFQFFFGKAGIRVTYTCIL,0,0.017144008
K2SIZ8,NLPASQLVDSIKGLTGQLNSLHDTCQSAQQGGFFGGTQGYSTIQYSFTQIVSDCQNTYTFIQTAQGEQSYYTEQESWEISTAWDDCLKAQQDVLVILKGGQDIFSAIVSIILGAIQDIQNIFDQITTGLADICPPKKQDIIEYWQPVQITFSDCISEFQGWSVPQDNSWSVPNGKNWWDVDLTDKGKDFKGGWKRAFVA,1,0.9764429
K2SJ30,CDGYLHCHCYDANGQPNDAATSTVCGRYSASNAQMIAANAWSDGARECKYVGPEGEYRGVGKSRSYHYYGFENCDWRVMCQAAGATGKDSSCRDKPPVGGKSSGAGNLYAPHN,1,0.9757405
K2SJD9,SVDVAAGTNEILEVAARGTELVAVNARSNENAFAAEAVAELDKRQLVAGAIIVVEWITELGGGATISASFEWIAGEVGIAARTVGAAVSNLVVEAGSTVSFDALLNSSGLTVASRVVAAFRDGRVTATLLSATQAGTSHSIAEFIDTTAVLLAPR,1,0.9925518
K2SJK4,NVSLDDIADLQNINGDVNGVSDNLIIALFNGINTNVIIQQNEQQVVLALINFMSSSDRDNRDVYNELFNNLVIVVDSSVQVRQSNQRLAEVIGINEDAINGLSVVADAQNQEVVLVQSLTGDADNDLPILNQLLDAFSGGAQQNQLNQQIVLLG,1,0.9933236
K2SJM2,MYRHFFLTLHFVCLRHAPAQPPRLAPFILMTRPCGSSRLRKSCLTYAEPTKKKKKGPGKTISKTAVTRPTSMPLTSVVAETQRAFDQEDKKTRIAAHSALTCCLARVATSVFTQKDGLSHKMTAGKSNINRPIGKESSISLTIDHKK,0,0.015530237
K2SJT5,MSYFSACSSISCFLILRIAGDCNITAATLLNHSRLAQTNTLPWGARASWVVYSRILHYTHSCHGSYLLTTKTSSSFTTYHERLLPRMYKLDTYTPRGEHNRRGCDDERRRDGRNFFFLQTKRWKGDGQYSLLMWWIFLVSFSSSVTYLLLLLFGPCWLWTGQERYLVV,0,0.008992021
K2SKV2,APFPNTTTTITATEKRQLGKALQDVTDAIPGVGGGDSIGSLRKALGDLVNAIPGIKEKRADATDYGFSDLDRRELDKALAEFRRAIAASTDAKKDGLAV,1,0.99398345
K2SLW4,GGNPLNHAEPFDPTNSLKPGIYAPPGGFDGVANYDELVKALVDSVLLLIGGHHLSVDENITIPPNNFTRSLSGTQISLDSEASPTRHDAYDPRAYSGSSSIEMKWNFFKQLYEKQAGIPRDAVNFALDVLAQNMLELVVVSIKNNPNFFLSPTHIAFGPSTAHMCIPNLFANHSTEHWLTSLLNREGGSRHSFHAQTMTLCSLQLRLSPI,0,0.015598437
K2SLZ4,MIKPGNFTFLLSRVSVSATSACFWFLARPVDVGIVCVCVRVRSPHRVHHHFAHLPVLAVQSENTQTPDEEVAAHPSGLFRGMPVRGFCYYASVRLRRPRLAYSLPIVEWHEYWLFACRRGPSLSFFSISFFQRKKNAFFFLINFLMFSQIDGVCIVEVFVNKEKERERESV,0,0.049755912
K2SMH5,MDVHDASFAVMRQNGYAGYAPVSPILPALGQGIGQLLLKEKTDGPFNSEKLLGGYYWSLAGCRYWVAAFQWLEHRVLYSIQEEQSRIRARFSATTLRILDVASWKGAYDHLDREQWLGRDSSWFTDRRFSFGWRIHTSAAQIELNSPAYLIEAGRYHFWSDRRDKA,1,0.9859459
K2SMU5,APTGDVLSGVSGVSGLTQAGSLTKTYSSTEKTTTIIKNETVYSVVSTLYTNVQQYTSSINKTVEAVPAQPSEEDKKKALIEIKADIKSIASLIVDASVKIGKIEVSADVDVSAIVSLVVKLVFEIVATLQHVVAILGGTITVLLGSVLTLLVNAISALLVALQDILGDVIATVWSIVSGLLPFVGDILVGLGEVLKGDCGCLTL,0,0.05956299
K2SNX0,QDVGSVLTIVEGLYTQVQQYTGAINSTASTLGPLSTLAQNQTAATNYQNQVSELTTLVQSTVTKVTQLSGQTGALRARQVDANAIAGVLSNVLLEVNGALNNVNGTLGLGK,1,0.99262404
K2SP04,MGVTISKTSDLSPISFVSTIFGFIGFAITIATFLRVTWENIQTFLGAATQISDLLGNLKQGLYEERAHLRKVRRWQRRRGSFQGGPRSGPDADKHEKWFGHGYLDMKDMHDDDQSTRVLREAIRNMIRDFRYLEQPFLRDDVESRYRDPHVRNGEGYAPSDDEEYYKTEYRTTGIRERWLWLNRKGSVVDMMAQLSRLETRRIAKEVGEACLIVRGMERDFQVMDDRIWNLEQRMTRVVGVRRVDHPAH,0,0.016119055
K2SPD5,MKANNGVALAIFVSVAGCIMLGLLFRCLIPFCPPFRRSARARRANASFSSTDDSIRATTLNNTLRNRALSADAPDFIQLRRPSSGDRRRTASSGDAVAVWMASARRAPRGARKDKGNGKGKEDKGQQPLQKEESAVDTSVEVHALPGAGAPVAGERAV,0,0.034304306
K2SPH4,MPNSLFFSSFHFCSLSDNPSRLTHAPFWAFSICGLYPSDNASTLPAEAEEKEHSDDTQKSQAIVPIPLSTTAHLEVDFAPHGPSAKDRSPMPLKRPPLCVPFHYLP,0,0.056495603
K2SPI1,MAEETLNDTVGGLDSGIFTFLMLFLVLFLLLFIVSVCYVFTMRQAFAKLQTLIREHTAAQRDLSLQSLSTRQGFMGNHLPSSNGNGHRCSGNGISGHGNSSNSNNGNRSNGFTHGNGIGGENGSVPGPVEAGVVGF,0,0.05130242
K2SPQ2,TGPFLQELNGSWVIGNDLWNVTQGPVYGKPLYYKGKDVIGEAVGHYVGYNGENNLNFTSAEIVARGDNYIDVSFSATQGEFHWVIFDDLPGAYQYFVNRALPTLGVFRSLFRLDNETFPRGRTNIKDDILPPFSLYVGAPEVQDETFQLPNGTYLTKYDWSAFIRDIDFYGVYGDNFGSWYIRPGEDYFNGNHLKQELIVCALLPLRPKIRNREEKGGARAPG,0,0.35666093
K2SPX9,SPMVDEVALPNGVQENQLEARQCATSSTCCFRG,1,0.9939414
K2SQ06,MEQGSVLPRSFVSASGLVFLLKASLLLSLLYFIGSVVYNVYFHPLSKYPSPKCAAASNAPYRFIGARGPNRLSYISGRDFKEIYGHRTGGKKLVMKDQDVYQPAAFSDKVLKAQESLIRTYADKLVDNMRAKAGDWCNAVKLYNCATFDILADLTFGESLGLLDNGQYWPWVETIF,0,0.010568145
K2SQ86,QFQFFEHMFGGGGGGHHHQQPQNMPSDSSWYQQQYDSATCDKYLCPGTLSCVHFPHHCPCAFPNVEDKVELGDGIAICASKGGYKEGETIRKVELARKGLL,1,0.8437939
K2SQX6,MSSANWCVRISPMASLVSLSPSMASLSMSTLANPSRSYTGTSGNGNGDSTDATNIDKTFLRGIAKTDADGVATFKTVFPGHYDGRATHIHVVTHVGATQLSNGTITGGNVTHIGQLFFDQDLIDEINTSVEPYTENTIEIVDNADDRVFATETENESDPVFNYVKLGEDVEDGIFSWINIGVDLSNDYEATYAAIYSQDGGYEA,0,0.025390668
K2SR34,MLIRAGSLRKRLLLHLVFPCPLQLLLEPLVLTHPHPHPVFCPCAQVLHCAIEASAPDKQAQHHDGAPEDQAECQGDPEHDGAVQDVQDLERNQQHDDQQGYGGDVGILGDMVNQRQQMGLGGAEEVRERGEDGGKEGHGVGVLVLGEEVGCPVCAGEAAVSPVPRCMPGSGGSR,0,0.0259356
K2SRA2,YFYCKFPKKIVCPGGVEIPQNKLEETARRAKEGSVYEKSAANIASGLCSIIHLPYYIGSTTASTLIPPSNARMSSIRRQAKARTTVLIIESWLLSYLWGIHNLMRTELHVVVLFLFLFFFLNSAAVNI,1,0.8022837
K2SS62,MSSQALLSAFLLNPMLAAAFPLTGLFSRAFPLPPPAKSYTLHVWDDAKGTWKTKS,0,0.063276805
K2SS75,MRNGPGCLMFFCKLFVVLSHILFGGIHTTLTSHHLPDSLQHTLVSTSTESEFALLGAIPPFVTAILLILIREPGSFSGARPFFIPGARKRKQLAYGKALAYTTPSNFLLYKIPLSKTFFSFFLFPKSGRGGGIKKSRDTREAEWVVGNEEQSLGTKREDTVWRITRRCSSVVGRVDCSLRHFHLSHWLDKKKTSLLLVWSFSSFPSDRLFIMRVFSSLV,0,0.021488747
K2SSW6,MFVGMWYHLMHMLIHRPALTYATFFPSRAEAQRAAGNFFDINIAIETSVASAKSIIRIATDACSSRAPDMKSDGGVAFFLLVGSITLLYDVLDPATTRSYARATFEVVEGAIQTLDLMQHVGPNNSKELSLDIMKFAKDALLSGADEIDWERDLTDSFPWLSNVFPEPYTGFPSLPSAPAFPSVHQGPLSGPTSSAPPPRGAPSAMVTAATDGVYYVSQWPPTSSDVIDVPDSLL,0,0.012036189
K2ST46,ASPASFCKCTCFTNSTIIHLDDPSPYGSKSGSSKSSSNKGSGSSIFSRAKDSKKGKRSCNDCNKKFCLDYNLPICHGAKEEDVYTECFQRDSAKDQAVVVIFITATVSLLVYAAARPYIDRWQEKVKERRSYIPVSTQGEQ,0,0.0728967
K2STS1,MQAVLGERGRSAVTGVLFFFFFLIGNVCSCLIPASIRDLFIGKSLEKGAIRLVHKEPIALFDICVYAFPNLFKVTLLCCGEVGLQVAAIVGSQN,0,0.041932687
K2SUK7,MVCPFRAGLGGVSRFWAYEHTFSETVTSAPALRPNARSTYNFRATGILETSHHNYSNPFSLQLGRIELDVYGPNGTYLGPGNLTIGQLPDASQGQSELTALIDTEANSALTNIWGDQVLPWYLRPTGVFGWTTKSAAAGQADIEEFENLYLTQALAGMEWRVDVSTFENI,0,0.069765575
K2SUZ5,APFAGQILGEDDIVLLGENNRREVMKLKDYELLKRSVPVAPGPLSWTNASFPTLDRRTTANHTKPISLERRGCEESQEVQLAGKSNFQNWDVPMSSVLQNSADRSFVAVQDGFSLANSIAVSVGTKATFEKALSASLGVEFGTTWTTTQQTEYRFFVPAGKNGLIVSNPDTTRYTGTILSGCTDNPTKVDFTADAYTSASYGALSWVKGTIRLCSSDKYPVPFCVGQGEHS,0,0.39451358
K2SVQ7,APSIDEVTGKLTGELTGGVDHLVESAEKFRLTGLDKRQGCNLGDCARAAAPQIVTCSKAFLTKSDIWDDAACAAGVIALGTNTPAQCSPCLDQLKNKIPFS,1,0.9912697
K2SVS7,MRLGCAFLASATSSHSNLSSPDPRWKVGLLCLYIGMATGRSFSTTMSTTLPIGNPFTIGLGSATVSLGWSESGSRNPRKICQGDPLREQFVIYGLYGSGAPVARKRRVISASFCGFTGGYGCCLDLSWSTTPSLGVPSSSIADRSWLGRGIGLPSWRPV,0,0.014499534
K2SVY3,QLPSLNIRQDEAAKSQGHYIWTSKVVYDGPTSELFTGNQLYGLARQAWKEMAEQWESPVRVVRGNRPGMMGALAVGNSVYFSSSARGDNFFYRYPRPDTQPLEVQRALDLCQGSLALERDELDRPHFTSASCAEIMALHQFFQDPDVPRADKTTLPSMRVVAYGAGRSKVAKPFPPCGTTGNPDTWGCKQFTDFMKIEVPPAPLEEEVEDKNPPAVPVSTTQISVCVNG,1,0.9313712
K2SW27,QGRDSIRLFSSKDYSGEWADVAITDYDKCIALPSSMKDNISSFKLGRFNCRFFEHDNCGGRNYWFTEDIANLRAPSGSGYDGSQNDELSSAICVYK,1,0.9919512
K2SWF1,MARHPGVALRIQLFRLLPRRLILLCPYCFPSCWLRVGCLRSSQNLECQIRLQQGCRQGRQAYHTRMRQTRREVRRGWIDARLIVRGNVPQTFRCSFAGVTPWGPRARADALFGNDARPYRPFLSRLVKFISEFWRHPGIGTSHINGMNNGFNLFVCTS,0,0.0697781
K2SYD5,QTTEISFFYPEENPSYDDYANIALSVIEVQDADHTVVEFACASSRTTSSRLPSSTSDSDDDYYYSYDDTCVFAGSPLTATVGTDSFAYTTAIFEDYGDGSSYDWTMTMGCTSKEELAYCMFQSAGADAWSDYCSYSL,1,0.6282358
K2SYD6,QSSTSSAASSSSTSSCQAANIVEACVASIKPRTEACGGVDWDCQCTAYTDLLTCYNNCPNDPTRSSVQNQVTQFCNAANANKSTSSSSSASATASGTSTSAATASASASGTATSSNFDSFSGETSSASASSSSSTGAAVPVHIPAGGALGLAIGIAAML,0,0.035872854
K2SYI4,APQHDDWTTGLAKRGVGLYNSLLKEAQDQICKRCKKKKKPIPILLCPKVVAGSEHIDAWLQEINNIFGADDDDYDDDDDDDDGDGEYDGHEDYGGEEDSNLVPNYLNDPDWAPGSTTGPATGQNSSDPESDLNYTVPDPSATITFNDGVASLNVSIERKGNTKVEVSIHNNGTIDLYLLKNGSVLDPRPVFKATVYQRGSK,1,0.9870455
K2SYM2,QSCSTQSTAFTFYGAPDNDPPGPDTAYTCSKVSGRGYTAGGTGSYSDPLTFASAKGEFSDCEVIYAPYLKKYLIYQDFCAQCTDDWSSSRKWHIDIWTGTSSNGGEAQIQCENSLTPDNNQDIVRNPPSNLEVDLSALWSNGQCHTDHIYNNADASKACSGGSGNGGSGSCSWAGHCAGAKCSTFDDCSDDLVCTNGVCASA,1,0.9585082
K2SYM6,APLTATASQMDADITASGTIVLDAGIEIPAGFVKYIVNHFPSDEANFTAPAVAARSANNNIFKRSCDWLTCAESAASQAVTCANAVVERNAWNAAKCLAAVIALGANVPAPCQACI,0,0.15527125
K2SYW1,WEFPPKWDGGYLGFYRNSKSKNWPQEAAKLVQVEADNRNSATSASSSAAGGTTPAPDPNQPGTIDVQAPGVSVGVDPGQEVGVDVSIPGLPGINVGVSI,1,0.9932902
K2SZ36,MFRASRFSGSFNFFFCSFLVRVDASFLETQKRRWNETKIYDSWRESRMDEDGEGEEEGRMDAPAPAHRSRFPMMHNYALRANLINSTALPLPLLPLYLERSSRLPQKTVHPRWISRACMRTGGVFFFFISIHWHLAFASDSLLGLPVLISTGARKRSFLALFFFSETVFGGLHEVHEVEALRFFVVQPISFLFLYS,0,0.015600108
K2SZ98,HPVLPDSVDTSIEPTQLLLCTGPHFTGDCTHQNVTALGNDHCLSLDGTAMSVQPGSGLDCMFYANGVCRTFLDPAGESLRLFYPGEEDLSGRWSPLSYSCVQLNGTVFAEEAEEGDGV,1,0.9856764
K2SZK1,MSSPPLVFAFLAMVALALLLLTLLPLTRAGRRVYADLAADARAPLELQLLPVSRKLAWKGAPPPPPPQDQRPRWMPGRSILRAPRSRASPSRRDRHIWFDVTLEHPQTRIVFNWMQPGYQDKLRKIMVEEELPHFWAYGRLRPVQPRDADGDVMMEM,0,0.013787167
K2SZS0,TKFSEYILAPSQRSVAPKTLREVHGTVNNPGALLLRPSNGTDAVFIGSNSSVTLDFGVNIGGTVEFDITSVSGTDEFLGFSFTESSLWISPYQGDSASNATYDSPLWFKIPSAGRYAAAKERQRGGFRYMSIWHNSTGSVSVKNLSVNFTASPEMVDLQKYPGYFNSDSEKLNRVWYAGAYTNQLCTADPAYGNALGIPGNDWYYNATISSKSR,1,0.9085228
K2T098,QSSDSVTSTSTSLSPTASCLATCESGDVTCAAQCVGVAHPNESQANDTTECMAKCDQGDGSPAAATAYANCEQACISSYFPIGTSHATAGAGSNTAASASATATGTGSSSGSGSSGSSGSSGSSASGTASETGSSTASGSAASSTSSEGAASSNIQLGLSAAGAAGIFIAALAL,0,0.053999398
K2T0I4,MCFSFFGMYLNFWVLGLLRERPCTEEWLSFAFLRITSHHSERRLNRDEDFILKRVPTEWFLGYKRAVCRRSGGVVNRLLRWEHFDADPSWPFNVQKRLHVIWSLNLAFSRLWH,0,0.07925492
K2T0W1,QDGESGFSHGQPISADGKGGPLLGGTNKQVDLDNPSNLGAACTDSGVVPNLKWRFSDSHVKLSNGGWTREQVVTDLPLSRDIAAAQQHLRQGAIRELHWHQVAE,0,0.014002836
